source_name,source_id,target_name,target_id
Tate McRae,45dkTj5sMRSjrmBSBeiHym,Lauren Spencer Smith,79AyR6ATpj2LTPxfb6FX50
Tate McRae,45dkTj5sMRSjrmBSBeiHym,Sabrina Carpenter,74KM79TiuVKeVCqs8QtB0B
Tate McRae,45dkTj5sMRSjrmBSBeiHym,Madison Beer,2kRfqPViCqYdSGhYSM9R0Q
Tate McRae,45dkTj5sMRSjrmBSBeiHym,Nessa Barrett,7pwufEBGfggjoI8twqlsmQ
Tate McRae,45dkTj5sMRSjrmBSBeiHym,Gracie Abrams,4tuJ0bMpJh08umKkEXKUI5
Tate McRae,45dkTj5sMRSjrmBSBeiHym,Alec Benjamin,5IH6FPUwQTxPSXurCrcIov
Tate McRae,45dkTj5sMRSjrmBSBeiHym,Dove Cameron,2W8yFh0Ga6Yf3jiayVxwkE
Tate McRae,45dkTj5sMRSjrmBSBeiHym,Olivia O'Brien,1QRj3hoop9Mv5VvHQkwPEp
Tate McRae,45dkTj5sMRSjrmBSBeiHym,Mimi Webb,3GxKJzJK4LpsYGXQrw77wz
Tate McRae,45dkTj5sMRSjrmBSBeiHym,Ruth B.,2WzaAvm2bBCf4pEhyuDgCY
Tate McRae,45dkTj5sMRSjrmBSBeiHym,Conan Gray,4Uc8Dsxct0oMqx0P6i60ea
Tate McRae,45dkTj5sMRSjrmBSBeiHym,Sasha Alex Sloan,4xnihxcoXWK3UqryOSnbw5
Tate McRae,45dkTj5sMRSjrmBSBeiHym,Jessie Murph,2yLzlEFtIS0Q9UkyBZdQA7
Tate McRae,45dkTj5sMRSjrmBSBeiHym,Dean Lewis,3QSQFmccmX81fWCUSPTS7y
Tate McRae,45dkTj5sMRSjrmBSBeiHym,Julia Michaels,0ZED1XzwlLHW4ZaG4lOT6m
Tate McRae,45dkTj5sMRSjrmBSBeiHym,Sadie Jean,0sMAHzxguan2KpnKFZPW2d
Tate McRae,45dkTj5sMRSjrmBSBeiHym,Benson Boone,22wbnEMDvgVIAGdFeek6ET
Tate McRae,45dkTj5sMRSjrmBSBeiHym,Olivia Rodrigo,1McMsnEElThX1knmY4oliG
Tate McRae,45dkTj5sMRSjrmBSBeiHym,Bebe Rexha,64M6ah0SkkRsnPGtGiRAbb
Tate McRae,45dkTj5sMRSjrmBSBeiHym,Reneé Rapp,2hUYKu1x0UZQXvzCmggvSn
SZA,7tYKF4w9nC0nq9CsPZTHyP,Summer Walker,57LYzLEk2LcFghVwuWbcuS
SZA,7tYKF4w9nC0nq9CsPZTHyP,H.E.R.,3Y7RZ31TRPVadSFVy1o8os
SZA,7tYKF4w9nC0nq9CsPZTHyP,Jhené Aiko,5ZS223C6JyBfXasXxrRqOk
SZA,7tYKF4w9nC0nq9CsPZTHyP,Brent Faiyaz,3tlXnStJ1fFhdScmQeLpuG
SZA,7tYKF4w9nC0nq9CsPZTHyP,Kehlani,0cGUm45nv7Z6M6qdXYQGTX
SZA,7tYKF4w9nC0nq9CsPZTHyP,Daniel Caesar,20wkVLutqVOYrc0kxFs7rA
SZA,7tYKF4w9nC0nq9CsPZTHyP,Frank Ocean,2h93pZq0e7k5yf4dywlkpM
SZA,7tYKF4w9nC0nq9CsPZTHyP,Bryson Tiller,2EMAnMvWE2eb56ToJVfCWs
SZA,7tYKF4w9nC0nq9CsPZTHyP,Kali Uchis,1U1el3k54VvEUzo3ybLPlM
SZA,7tYKF4w9nC0nq9CsPZTHyP,PARTYNEXTDOOR,2HPaUgqeutzr3jx5a9WyDV
SZA,7tYKF4w9nC0nq9CsPZTHyP,Ella Mai,7HkdQ0gt53LP4zmHsL0nap
SZA,7tYKF4w9nC0nq9CsPZTHyP,Steve Lacy,57vWImR43h4CaDao012Ofp
SZA,7tYKF4w9nC0nq9CsPZTHyP,Giveon,4fxd5Ee7UefO4CUXgwJ7IP
SZA,7tYKF4w9nC0nq9CsPZTHyP,Megan Thee Stallion,181bsRPaVXVlUKXrxwZfHK
SZA,7tYKF4w9nC0nq9CsPZTHyP,PinkPantheress,78rUTD7y6Cy67W1RVzYs7t
SZA,7tYKF4w9nC0nq9CsPZTHyP,"Tyler, The Creator",4V8LLVI7PbaPR0K2TGSxFF
SZA,7tYKF4w9nC0nq9CsPZTHyP,Miguel,360IAlyVv4PCEVjgyMZrxK
SZA,7tYKF4w9nC0nq9CsPZTHyP,Doja Cat,5cj0lLjcoR7YOSnhnX0Po5
SZA,7tYKF4w9nC0nq9CsPZTHyP,Sonder,2ICR2m4hOBPhaYiZB3rnLW
SZA,7tYKF4w9nC0nq9CsPZTHyP,Ice Spice,3LZZPxNDGDFVSIPqf4JuEf
Artemas,0PCCGZ0wGLizHt2KZ7hhA2,Montell Fish,5nvWOyAkfNgVLKESq4fOj2
Artemas,0PCCGZ0wGLizHt2KZ7hhA2,Isabel LaRosa,5arKwJZEvT5uKq4o0JfqR4
Artemas,0PCCGZ0wGLizHt2KZ7hhA2,Ari Abdul,25jJ6vyXwTRa0e6XCcdR6U
Artemas,0PCCGZ0wGLizHt2KZ7hhA2,Toby Mai,71XRExAcKFmzM0fckCrCvo
Artemas,0PCCGZ0wGLizHt2KZ7hhA2,Asal,2CPDwyokR2lgqu0yNGe2cU
Artemas,0PCCGZ0wGLizHt2KZ7hhA2,ThxSoMch,4MvZhE1iuzttcoyepkpfdF
Artemas,0PCCGZ0wGLizHt2KZ7hhA2,Dutch Melrose,6NRSfOnXw4qaypEfIV2QXn
Artemas,0PCCGZ0wGLizHt2KZ7hhA2,Shy Smith,4iIRGaMoqtdigrpCvLMKGb
Artemas,0PCCGZ0wGLizHt2KZ7hhA2,Kenya Grace,7uMDnSZyUYNBPLhPMNuaM2
Artemas,0PCCGZ0wGLizHt2KZ7hhA2,Kae,1fSG1RjY50eGpdvtHECCRm
Artemas,0PCCGZ0wGLizHt2KZ7hhA2,Thomas LaRosa,1ZyUaNx0nDAzkGlAIXqXZR
Artemas,0PCCGZ0wGLizHt2KZ7hhA2,sombr,4G9NDjRyZFDlJKMRL8hx3S
Artemas,0PCCGZ0wGLizHt2KZ7hhA2,Dominic Fike,6USv9qhCn6zfxlBQIYJ9qs
Artemas,0PCCGZ0wGLizHt2KZ7hhA2,lucidbeatz,4jEwTCIHu0hdDbamxScpou
Artemas,0PCCGZ0wGLizHt2KZ7hhA2,dj gummy bear,78ECvrY5jP8mbGU52iyNSw
Artemas,0PCCGZ0wGLizHt2KZ7hhA2,Hotel Ugly,35WVTyRnKAoaGExqgktVyb
Artemas,0PCCGZ0wGLizHt2KZ7hhA2,Beach Weather,7I3bkknknQkIiatWiupQgD
Artemas,0PCCGZ0wGLizHt2KZ7hhA2,Eyedress,3XxNRirzbjfLdDli06zMaB
Artemas,0PCCGZ0wGLizHt2KZ7hhA2,Chase Atlantic,7cYEt1pqMgXJdq00hAwVpT
Artemas,0PCCGZ0wGLizHt2KZ7hhA2,Djo,5p9HO3XC5P3BLxJs5Mtrhm
Benson Boone,22wbnEMDvgVIAGdFeek6ET,Thomas Day,5TwUXL3I6RaLckHy8le2Hq
Benson Boone,22wbnEMDvgVIAGdFeek6ET,Matt Hansen,6wlhqnATSJIc0NQ64VxOVJ
Benson Boone,22wbnEMDvgVIAGdFeek6ET,Lauren Spencer Smith,79AyR6ATpj2LTPxfb6FX50
Benson Boone,22wbnEMDvgVIAGdFeek6ET,David Kushner,33NVpKoXjItPwUJTMZIOiY
Benson Boone,22wbnEMDvgVIAGdFeek6ET,Alexander Stewart,0znpFLuaey34oJTE1jHSnT
Benson Boone,22wbnEMDvgVIAGdFeek6ET,Clinton Kane,7okSU80WTrn4LXlyXYbX3P
Benson Boone,22wbnEMDvgVIAGdFeek6ET,Alex Warren,0fTSzq9jAh4c36UVb4V7CB
Benson Boone,22wbnEMDvgVIAGdFeek6ET,Dean Lewis,3QSQFmccmX81fWCUSPTS7y
Benson Boone,22wbnEMDvgVIAGdFeek6ET,Zach Hood,5aHlyw2WWqZW0HLICBuv7U
Benson Boone,22wbnEMDvgVIAGdFeek6ET,Natalie Jane,5bfglVyGJppmmNoC2rhBUG
Benson Boone,22wbnEMDvgVIAGdFeek6ET,Sadie Jean,0sMAHzxguan2KpnKFZPW2d
Benson Boone,22wbnEMDvgVIAGdFeek6ET,Tate McRae,45dkTj5sMRSjrmBSBeiHym
Benson Boone,22wbnEMDvgVIAGdFeek6ET,Caleb Hearn,0EiNdCUwM4B5GkTInLAyuj
Benson Boone,22wbnEMDvgVIAGdFeek6ET,Jessie Murph,2yLzlEFtIS0Q9UkyBZdQA7
Benson Boone,22wbnEMDvgVIAGdFeek6ET,Mark Ambor,11p2E654TTU8e0nZWBR4AL
Benson Boone,22wbnEMDvgVIAGdFeek6ET,Noah Kahan,2RQXRUsr4IW1f3mKyKsy4B
Benson Boone,22wbnEMDvgVIAGdFeek6ET,Jamie Miller,2LkkwxA19J8C52wPQl5bG6
Benson Boone,22wbnEMDvgVIAGdFeek6ET,elijah woods,3IR6DvP0x2a6oUSist9UMu
Benson Boone,22wbnEMDvgVIAGdFeek6ET,Anson Seabra,2jHp7gQArCQrlMvdrIVFCg
Benson Boone,22wbnEMDvgVIAGdFeek6ET,Jenna Raine,3aHe9rMa5HFTjXHw8tEz0A
Beyoncé,6vWDO969PvNqNYHIOW5v0m,Destiny's Child,1Y8cdNmUJH7yBTd9yOvr5i
Beyoncé,6vWDO969PvNqNYHIOW5v0m,Alicia Keys,3DiDSECUqqY1AuBP8qtaIa
Beyoncé,6vWDO969PvNqNYHIOW5v0m,Jennifer Lopez,2DlGxzQSjYe5N6G9nkYghR
Beyoncé,6vWDO969PvNqNYHIOW5v0m,Rihanna,5pKCCKE2ajJHZ9KAiaK11H
Beyoncé,6vWDO969PvNqNYHIOW5v0m,Nicki Minaj,0hCNtLu0JehylgoiP8L4Gh
Beyoncé,6vWDO969PvNqNYHIOW5v0m,Ciara,2NdeV5rLm47xAvogXrYhJX
Beyoncé,6vWDO969PvNqNYHIOW5v0m,Britney Spears,26dSoYclwsYLMAKD3tpOr4
Beyoncé,6vWDO969PvNqNYHIOW5v0m,Cardi B,4kYSro6naA4h99UJvo89HB
Beyoncé,6vWDO969PvNqNYHIOW5v0m,Christina Aguilera,1l7ZsJRRS8wlW3WfJfPfNS
Beyoncé,6vWDO969PvNqNYHIOW5v0m,Justin Timberlake,31TPClRtHm23RisEBtV3X7
Beyoncé,6vWDO969PvNqNYHIOW5v0m,Megan Thee Stallion,181bsRPaVXVlUKXrxwZfHK
Beyoncé,6vWDO969PvNqNYHIOW5v0m,The Pussycat Dolls,6wPhSqRtPu1UhRCDX5yaDJ
Beyoncé,6vWDO969PvNqNYHIOW5v0m,The Carters,4fpTMHe34LC5t3h5ztK8qu
Beyoncé,6vWDO969PvNqNYHIOW5v0m,Iggy Azalea,5yG7ZAZafVaAlMTeBybKAL
Beyoncé,6vWDO969PvNqNYHIOW5v0m,USHER,23zg3TcAtWQy7J6upgbUnj
Beyoncé,6vWDO969PvNqNYHIOW5v0m,Fergie,3r17AfJCCUqC9Lf0OAc73G
Beyoncé,6vWDO969PvNqNYHIOW5v0m,Aaliyah,0urTpYCsixqZwgNTkPJOJ4
Beyoncé,6vWDO969PvNqNYHIOW5v0m,Mariah Carey,4iHNK0tOyZPYnBU7nGAgpQ
Beyoncé,6vWDO969PvNqNYHIOW5v0m,Kelly Rowland,3AuMNF8rQAKOzjYppFNAoB
Beyoncé,6vWDO969PvNqNYHIOW5v0m,Jessie J,2gsggkzM5R49q6jpPvazou
Ariana Grande,66CXWjxzNUsdJxJ2JdwvnR,Camila Cabello,4nDoRrQiYLoBzwC5BhVJzF
Ariana Grande,66CXWjxzNUsdJxJ2JdwvnR,Selena Gomez,0C8ZW7ezQVs4URX5aX7Kqx
Ariana Grande,66CXWjxzNUsdJxJ2JdwvnR,Demi Lovato,6S2OmqARrzebs0tKUEyXyp
Ariana Grande,66CXWjxzNUsdJxJ2JdwvnR,Doja Cat,5cj0lLjcoR7YOSnhnX0Po5
Ariana Grande,66CXWjxzNUsdJxJ2JdwvnR,Dua Lipa,6M2wZ9GZgrQXHCFfjv46we
Ariana Grande,66CXWjxzNUsdJxJ2JdwvnR,Katy Perry,6jJ0s89eD6GaHleKKya26X
Ariana Grande,66CXWjxzNUsdJxJ2JdwvnR,Shawn Mendes,7n2wHs1TKAczGzO7Dd2rGr
Ariana Grande,66CXWjxzNUsdJxJ2JdwvnR,Olivia Rodrigo,1McMsnEElThX1knmY4oliG
Ariana Grande,66CXWjxzNUsdJxJ2JdwvnR,Fifth Harmony,1l8Fu6IkuTP0U5QetQJ5Xt
Ariana Grande,66CXWjxzNUsdJxJ2JdwvnR,Nicki Minaj,0hCNtLu0JehylgoiP8L4Gh
Ariana Grande,66CXWjxzNUsdJxJ2JdwvnR,Little Mix,3e7awlrlDSwF3iM0WBjGMp
Ariana Grande,66CXWjxzNUsdJxJ2JdwvnR,Cardi B,4kYSro6naA4h99UJvo89HB
Ariana Grande,66CXWjxzNUsdJxJ2JdwvnR,Meghan Trainor,6JL8zeS1NmiOftqZTRgdTz
Ariana Grande,66CXWjxzNUsdJxJ2JdwvnR,Miley Cyrus,5YGY8feqx7naU7z4HrwZM6
Ariana Grande,66CXWjxzNUsdJxJ2JdwvnR,Halsey,26VFTg2z8YR0cCuwLzESi2
Ariana Grande,66CXWjxzNUsdJxJ2JdwvnR,Sabrina Carpenter,74KM79TiuVKeVCqs8QtB0B
Ariana Grande,66CXWjxzNUsdJxJ2JdwvnR,Billie Eilish,6qqNVTkY8uBg9cP3Jd7DAH
Ariana Grande,66CXWjxzNUsdJxJ2JdwvnR,Harry Styles,6KImCVD70vtIoJWnq6nGn3
Ariana Grande,66CXWjxzNUsdJxJ2JdwvnR,ZAYN,5ZsFI1h6hIdQRw2ti0hz81
Ariana Grande,66CXWjxzNUsdJxJ2JdwvnR,Rihanna,5pKCCKE2ajJHZ9KAiaK11H
Doja Cat,5cj0lLjcoR7YOSnhnX0Po5,Megan Thee Stallion,181bsRPaVXVlUKXrxwZfHK
Doja Cat,5cj0lLjcoR7YOSnhnX0Po5,Cardi B,4kYSro6naA4h99UJvo89HB
Doja Cat,5cj0lLjcoR7YOSnhnX0Po5,Kali Uchis,1U1el3k54VvEUzo3ybLPlM
Doja Cat,5cj0lLjcoR7YOSnhnX0Po5,Nicki Minaj,0hCNtLu0JehylgoiP8L4Gh
Doja Cat,5cj0lLjcoR7YOSnhnX0Po5,SZA,7tYKF4w9nC0nq9CsPZTHyP
Doja Cat,5cj0lLjcoR7YOSnhnX0Po5,Melanie Martinez,63yrD80RY3RNEM2YDpUpO8
Doja Cat,5cj0lLjcoR7YOSnhnX0Po5,Olivia Rodrigo,1McMsnEElThX1knmY4oliG
Doja Cat,5cj0lLjcoR7YOSnhnX0Po5,Ice Spice,3LZZPxNDGDFVSIPqf4JuEf
Doja Cat,5cj0lLjcoR7YOSnhnX0Po5,Ariana Grande,66CXWjxzNUsdJxJ2JdwvnR
Doja Cat,5cj0lLjcoR7YOSnhnX0Po5,Kehlani,0cGUm45nv7Z6M6qdXYQGTX
Doja Cat,5cj0lLjcoR7YOSnhnX0Po5,Saweetie,6cK3NBO6uP7hh0oyuVELFl
Doja Cat,5cj0lLjcoR7YOSnhnX0Po5,Conan Gray,4Uc8Dsxct0oMqx0P6i60ea
Doja Cat,5cj0lLjcoR7YOSnhnX0Po5,Dua Lipa,6M2wZ9GZgrQXHCFfjv46we
Doja Cat,5cj0lLjcoR7YOSnhnX0Po5,Summer Walker,57LYzLEk2LcFghVwuWbcuS
Doja Cat,5cj0lLjcoR7YOSnhnX0Po5,Ashnikko,3PyJHH2wyfQK3WZrk9rpmP
Doja Cat,5cj0lLjcoR7YOSnhnX0Po5,Billie Eilish,6qqNVTkY8uBg9cP3Jd7DAH
Doja Cat,5cj0lLjcoR7YOSnhnX0Po5,The Neighbourhood,77SW9BnxLY8rJ0RciFqkHh
Doja Cat,5cj0lLjcoR7YOSnhnX0Po5,Madison Beer,2kRfqPViCqYdSGhYSM9R0Q
Doja Cat,5cj0lLjcoR7YOSnhnX0Po5,PinkPantheress,78rUTD7y6Cy67W1RVzYs7t
Doja Cat,5cj0lLjcoR7YOSnhnX0Po5,H.E.R.,3Y7RZ31TRPVadSFVy1o8os
Olivia Rodrigo,1McMsnEElThX1knmY4oliG,Sabrina Carpenter,74KM79TiuVKeVCqs8QtB0B
Olivia Rodrigo,1McMsnEElThX1knmY4oliG,Conan Gray,4Uc8Dsxct0oMqx0P6i60ea
Olivia Rodrigo,1McMsnEElThX1knmY4oliG,Tate McRae,45dkTj5sMRSjrmBSBeiHym
Olivia Rodrigo,1McMsnEElThX1knmY4oliG,Madison Beer,2kRfqPViCqYdSGhYSM9R0Q
Olivia Rodrigo,1McMsnEElThX1knmY4oliG,Doja Cat,5cj0lLjcoR7YOSnhnX0Po5
Olivia Rodrigo,1McMsnEElThX1knmY4oliG,Harry Styles,6KImCVD70vtIoJWnq6nGn3
Olivia Rodrigo,1McMsnEElThX1knmY4oliG,Gracie Abrams,4tuJ0bMpJh08umKkEXKUI5
Olivia Rodrigo,1McMsnEElThX1knmY4oliG,Ariana Grande,66CXWjxzNUsdJxJ2JdwvnR
Olivia Rodrigo,1McMsnEElThX1knmY4oliG,Dove Cameron,2W8yFh0Ga6Yf3jiayVxwkE
Olivia Rodrigo,1McMsnEElThX1knmY4oliG,Billie Eilish,6qqNVTkY8uBg9cP3Jd7DAH
Olivia Rodrigo,1McMsnEElThX1knmY4oliG,Melanie Martinez,63yrD80RY3RNEM2YDpUpO8
Olivia Rodrigo,1McMsnEElThX1knmY4oliG,Taylor Swift,06HL4z0CvFAxyc27GXpf02
Olivia Rodrigo,1McMsnEElThX1knmY4oliG,Lana Del Rey,00FQb4jTyendYWaN8pK0wa
Olivia Rodrigo,1McMsnEElThX1knmY4oliG,Selena Gomez,0C8ZW7ezQVs4URX5aX7Kqx
Olivia Rodrigo,1McMsnEElThX1knmY4oliG,Joshua Bassett,4VdV2qRAYBLINR6uU72V1J
Olivia Rodrigo,1McMsnEElThX1knmY4oliG,Dua Lipa,6M2wZ9GZgrQXHCFfjv46we
Olivia Rodrigo,1McMsnEElThX1knmY4oliG,SZA,7tYKF4w9nC0nq9CsPZTHyP
Olivia Rodrigo,1McMsnEElThX1knmY4oliG,Camila Cabello,4nDoRrQiYLoBzwC5BhVJzF
Olivia Rodrigo,1McMsnEElThX1knmY4oliG,girl in red,3uwAm6vQy7kWPS2bciKWx9
Olivia Rodrigo,1McMsnEElThX1knmY4oliG,One Direction,4AK6F7OLvEQ5QYCBNiQWHq
Dua Lipa,6M2wZ9GZgrQXHCFfjv46we,Camila Cabello,4nDoRrQiYLoBzwC5BhVJzF
Dua Lipa,6M2wZ9GZgrQXHCFfjv46we,Bebe Rexha,64M6ah0SkkRsnPGtGiRAbb
Dua Lipa,6M2wZ9GZgrQXHCFfjv46we,Anne-Marie,1zNqDE7qDGCsyzJwohVaoX
Dua Lipa,6M2wZ9GZgrQXHCFfjv46we,Ava Max,4npEfmQ6YuiwW1GpUmaq3F
Dua Lipa,6M2wZ9GZgrQXHCFfjv46we,Selena Gomez,0C8ZW7ezQVs4URX5aX7Kqx
Dua Lipa,6M2wZ9GZgrQXHCFfjv46we,Sia,5WUlDfRSoLAfcVSX1WnrxN
Dua Lipa,6M2wZ9GZgrQXHCFfjv46we,Katy Perry,6jJ0s89eD6GaHleKKya26X
Dua Lipa,6M2wZ9GZgrQXHCFfjv46we,Rita Ora,5CCwRZC6euC8Odo6y9X8jr
Dua Lipa,6M2wZ9GZgrQXHCFfjv46we,Zara Larsson,1Xylc3o4UrD53lo9CvFvVg
Dua Lipa,6M2wZ9GZgrQXHCFfjv46we,Miley Cyrus,5YGY8feqx7naU7z4HrwZM6
Dua Lipa,6M2wZ9GZgrQXHCFfjv46we,Demi Lovato,6S2OmqARrzebs0tKUEyXyp
Dua Lipa,6M2wZ9GZgrQXHCFfjv46we,Halsey,26VFTg2z8YR0cCuwLzESi2
Dua Lipa,6M2wZ9GZgrQXHCFfjv46we,Ariana Grande,66CXWjxzNUsdJxJ2JdwvnR
Dua Lipa,6M2wZ9GZgrQXHCFfjv46we,Harry Styles,6KImCVD70vtIoJWnq6nGn3
Dua Lipa,6M2wZ9GZgrQXHCFfjv46we,Shawn Mendes,7n2wHs1TKAczGzO7Dd2rGr
Dua Lipa,6M2wZ9GZgrQXHCFfjv46we,Little Mix,3e7awlrlDSwF3iM0WBjGMp
Dua Lipa,6M2wZ9GZgrQXHCFfjv46we,Ellie Goulding,0X2BH1fck6amBIoJhDVmmJ
Dua Lipa,6M2wZ9GZgrQXHCFfjv46we,Fifth Harmony,1l8Fu6IkuTP0U5QetQJ5Xt
Dua Lipa,6M2wZ9GZgrQXHCFfjv46we,Doja Cat,5cj0lLjcoR7YOSnhnX0Po5
Dua Lipa,6M2wZ9GZgrQXHCFfjv46we,Clean Bandit,6MDME20pz9RveH9rEXvrOM
Future,1RyvyyTE3xzB2ZywiAwp0i,Young Thug,50co4Is1HCEo8bhOyUWKpn
Future,1RyvyyTE3xzB2ZywiAwp0i,Gunna,2hlmm7s2ICUX0LVIhVFlZQ
Future,1RyvyyTE3xzB2ZywiAwp0i,Metro Boomin,0iEtIxbK0KxaSlF7G42ZOp
Future,1RyvyyTE3xzB2ZywiAwp0i,Offset,4DdkRBBYG6Yk9Ka8tdJ9BW
Future,1RyvyyTE3xzB2ZywiAwp0i,21 Savage,1URnnhqYAYcrqrcwql10ft
Future,1RyvyyTE3xzB2ZywiAwp0i,Gucci Mane,13y7CgLHjMVRMDqxdx0Xdo
Future,1RyvyyTE3xzB2ZywiAwp0i,Don Toliver,4Gso3d4CscCijv0lmajZWs
Future,1RyvyyTE3xzB2ZywiAwp0i,Lil Durk,3hcs9uc56yIGFCSy9leWe7
Future,1RyvyyTE3xzB2ZywiAwp0i,Lil Baby,5f7VJjfbwm532GiveGC0ZK
Future,1RyvyyTE3xzB2ZywiAwp0i,Kodak Black,46SHBwWsqBkxI7EeeBEQG7
Future,1RyvyyTE3xzB2ZywiAwp0i,Migos,6oMuImdp5ZcFhWP0ESe6mG
Future,1RyvyyTE3xzB2ZywiAwp0i,Quavo,0VRj0yCOv2FXJNP47XQnx5
Future,1RyvyyTE3xzB2ZywiAwp0i,Lil Uzi Vert,4O15NlyKLIASxsJ0PrXPfz
Future,1RyvyyTE3xzB2ZywiAwp0i,Lil Yachty,6icQOAFXDZKsumw3YXyusw
Future,1RyvyyTE3xzB2ZywiAwp0i,Playboi Carti,699OTQXzgjhIYAHMy9RyPD
Future,1RyvyyTE3xzB2ZywiAwp0i,Chief Keef,15iVAtD3s3FsQR4w1v6M0P
Future,1RyvyyTE3xzB2ZywiAwp0i,Tory Lanez,2jku7tDXc6XoB6MO2hFuqg
Future,1RyvyyTE3xzB2ZywiAwp0i,Meek Mill,20sxb77xiYeusSH8cVdatc
Future,1RyvyyTE3xzB2ZywiAwp0i,A Boogie Wit da Hoodie,31W5EY0aAly4Qieq6OFu6I
Future,1RyvyyTE3xzB2ZywiAwp0i,Baby Keem,5SXuuuRpukkTvsLuUknva1
Michael Marcagi,4j96cMcT8GRi11qbvo1cLQ,Darren Kiely,15Cdd3Wai5nQZATxnbEtK9
Michael Marcagi,4j96cMcT8GRi11qbvo1cLQ,Henrik,7osFcSwjlRPwxZdVALIOuC
Michael Marcagi,4j96cMcT8GRi11qbvo1cLQ,Dylan Gossett,4H4M0Y4cN39zIVDHvdW53x
Michael Marcagi,4j96cMcT8GRi11qbvo1cLQ,Max McNown,340PS4ZcZ4UCBgyrXzEjcp
Michael Marcagi,4j96cMcT8GRi11qbvo1cLQ,Chance Peña,4lhUHpVOXmkEBGGHV71QCh
Michael Marcagi,4j96cMcT8GRi11qbvo1cLQ,Josiah and the Bonnevilles,3FMcVBx2TMq2f5gEPcUieC
Michael Marcagi,4j96cMcT8GRi11qbvo1cLQ,The 502s,4sIuoDOzSlBqeiNJl631zX
Michael Marcagi,4j96cMcT8GRi11qbvo1cLQ,John Vincent III,1sgVcCMCarG7yWGmkP9wMb
Michael Marcagi,4j96cMcT8GRi11qbvo1cLQ,Evan Honer,1GERDglQrxe4ynLzcdG6qP
Michael Marcagi,4j96cMcT8GRi11qbvo1cLQ,The Heavy Hours,6yleOdwl6VVCt4ZBi7khse
Michael Marcagi,4j96cMcT8GRi11qbvo1cLQ,Brenn!,74slMAMk8L6oMf6OhNyZ8Q
Michael Marcagi,4j96cMcT8GRi11qbvo1cLQ,asiris,4YFxglwXwymzvkPYndX3G2
Michael Marcagi,4j96cMcT8GRi11qbvo1cLQ,Good Neighbours,52N3KGrTWDRhdQJrgBTofE
Michael Marcagi,4j96cMcT8GRi11qbvo1cLQ,Myles Smith,3bO19AOone0ubCsfDXDtYt
Michael Marcagi,4j96cMcT8GRi11qbvo1cLQ,Hazlett,1zO3MgzmcwZLLNUQqeU2XH
Michael Marcagi,4j96cMcT8GRi11qbvo1cLQ,Sam Barber,08GfvCW09pv2QP4y9sle2a
Michael Marcagi,4j96cMcT8GRi11qbvo1cLQ,Jonah Kagen,5KsRA81UaMVKvLNiwDySfp
Michael Marcagi,4j96cMcT8GRi11qbvo1cLQ,Vincent Lima,7AB7bdCR5saJ0b9C4RuceX
Michael Marcagi,4j96cMcT8GRi11qbvo1cLQ,Mark Ambor,11p2E654TTU8e0nZWBR4AL
Michael Marcagi,4j96cMcT8GRi11qbvo1cLQ,Hans Williams,3SEkDN2vusR7CIyehzfJaj
Mitski,2uYWxilOVlUdk4oV9DvwqK,TV Girl,0Y6dVaC9DZtPNH4591M42W
Mitski,2uYWxilOVlUdk4oV9DvwqK,Alex G,6lcwlkAjBPSKnFBZjjZFJs
Mitski,2uYWxilOVlUdk4oV9DvwqK,beabadoobee,35l9BRT7MXmM8bv2WDQiyB
Mitski,2uYWxilOVlUdk4oV9DvwqK,Mother Mother,0e86yPdC41PGRkLp2Q1Bph
Mitski,2uYWxilOVlUdk4oV9DvwqK,Faye Webster,5szilpXHcwOqnyKLqGco5j
Mitski,2uYWxilOVlUdk4oV9DvwqK,Laufey,7gW0r5CkdEUMm42w9XpyZO
Mitski,2uYWxilOVlUdk4oV9DvwqK,bôa,5jTtGLk1mGFMY5lQOvJYUj
Mitski,2uYWxilOVlUdk4oV9DvwqK,Roar,7dIpKWlEeAljA20vFJ82RD
Mitski,2uYWxilOVlUdk4oV9DvwqK,Eyedress,3XxNRirzbjfLdDli06zMaB
Mitski,2uYWxilOVlUdk4oV9DvwqK,Clairo,3l0CmX0FuQjFxr8SK7Vqag
Mitski,2uYWxilOVlUdk4oV9DvwqK,Cavetown,2hR4h1Cao2ueuI7Cx9c7V8
Mitski,2uYWxilOVlUdk4oV9DvwqK,Ricky Montgomery,0ZUvK7zGdXLd78mQr3t1Tw
Mitski,2uYWxilOVlUdk4oV9DvwqK,Sir Chloe,6rniTPs9zN26kYnkPdFl1U
Mitski,2uYWxilOVlUdk4oV9DvwqK,Lamp,0rFHElzeddB9ymDjgpBENX
Mitski,2uYWxilOVlUdk4oV9DvwqK,MARINA,6CwfuxIqcltXDGjfZsMd9A
Mitski,2uYWxilOVlUdk4oV9DvwqK,Jack Stauber's Micropop,1yNIb413Bmfs2ZBVuPp9kC
Mitski,2uYWxilOVlUdk4oV9DvwqK,girl in red,3uwAm6vQy7kWPS2bciKWx9
Mitski,2uYWxilOVlUdk4oV9DvwqK,Penelope Scott,3u6lPufHw4Oww6D88rv6sB
Mitski,2uYWxilOVlUdk4oV9DvwqK,Mac DeMarco,3Sz7ZnJQBIHsXLUSo0OQtM
Mitski,2uYWxilOVlUdk4oV9DvwqK,Phoebe Bridgers,1r1uxoy19fzMxunt3ONAkG
Muni Long,7tjVFCxJdwT4NdrTmjyjQ6,Fast & Furious: The Fast Saga,1lpOgw56wZLDa8gaP6bSIs
Muni Long,7tjVFCxJdwT4NdrTmjyjQ6,Coco Jones,4DHLoiIqFYYFjH09WduvFd
Muni Long,7tjVFCxJdwT4NdrTmjyjQ6,Inayah,2jomvyAKdqYYimeLl3XcdZ
Muni Long,7tjVFCxJdwT4NdrTmjyjQ6,Chlöe,1FtBEIWAwvw5ymBen5GICR
Muni Long,7tjVFCxJdwT4NdrTmjyjQ6,Nija,7f9KxQWD88MZrSY6jc0zoW
Muni Long,7tjVFCxJdwT4NdrTmjyjQ6,Alex Vaughn,24S5IyzXICyGscL4vYshdq
Muni Long,7tjVFCxJdwT4NdrTmjyjQ6,Victoria Monét,63XBtGSEZINSyXylZxEUbv
Muni Long,7tjVFCxJdwT4NdrTmjyjQ6,Tink,4v6XOdonnfpdTKTRJArG7v
Muni Long,7tjVFCxJdwT4NdrTmjyjQ6,Lucky Daye,5Vuvs6Py2JRU7WiFDVsI7J
Muni Long,7tjVFCxJdwT4NdrTmjyjQ6,Mariah the Scientist,7HO5fOXE4gh3lzZn64tX2E
Muni Long,7tjVFCxJdwT4NdrTmjyjQ6,Ari Lennox,1vaQ6v3pOFxAIrFoPrAcom
Muni Long,7tjVFCxJdwT4NdrTmjyjQ6,Marzz,21ZpqFOa1Viho0YiuEB8lG
Muni Long,7tjVFCxJdwT4NdrTmjyjQ6,Vedo,3wVXTWabe3viT0jF7DfjOL
Muni Long,7tjVFCxJdwT4NdrTmjyjQ6,Lola Brooke,2Ggj5XNlIb4Lnbqe307FyB
Muni Long,7tjVFCxJdwT4NdrTmjyjQ6,Jazmine Sullivan,7gSjFKpVmDgC2MMsnN8CYq
Muni Long,7tjVFCxJdwT4NdrTmjyjQ6,Halle,3HsVtnnjOUToyJThxaoBfx
Muni Long,7tjVFCxJdwT4NdrTmjyjQ6,Teyana Taylor,4ULO7IGI3M2bo0Ap7B9h8a
Muni Long,7tjVFCxJdwT4NdrTmjyjQ6,FLO,0s4kXsjYeH0S1xRyVGN4NO
Muni Long,7tjVFCxJdwT4NdrTmjyjQ6,Kiana Ledé,7jZMxhsB8djyIbYmoiJSTs
Muni Long,7tjVFCxJdwT4NdrTmjyjQ6,Lakeyah,77gMBvQ2frbQAPyCeoYGm7
Noah Kahan,2RQXRUsr4IW1f3mKyKsy4B,Zach Bryan,40ZNYROS4zLfyyBSs2PGe2
Noah Kahan,2RQXRUsr4IW1f3mKyKsy4B,Lizzy McAlpine,1GmsPCcpKgF9OhlNXjOsbS
Noah Kahan,2RQXRUsr4IW1f3mKyKsy4B,Mt. Joy,69tiO1fG8VWduDl3ji2qhI
Noah Kahan,2RQXRUsr4IW1f3mKyKsy4B,Caamp,0wyMPXGfOuQzNR54ujR9Ix
Noah Kahan,2RQXRUsr4IW1f3mKyKsy4B,Hozier,2FXC3k01G6Gw61bmprjgqS
Noah Kahan,2RQXRUsr4IW1f3mKyKsy4B,Chance Peña,4lhUHpVOXmkEBGGHV71QCh
Noah Kahan,2RQXRUsr4IW1f3mKyKsy4B,The Lumineers,16oZKvXb6WkQlVAjwo2Wbg
Noah Kahan,2RQXRUsr4IW1f3mKyKsy4B,Gracie Abrams,4tuJ0bMpJh08umKkEXKUI5
Noah Kahan,2RQXRUsr4IW1f3mKyKsy4B,Phoebe Bridgers,1r1uxoy19fzMxunt3ONAkG
Noah Kahan,2RQXRUsr4IW1f3mKyKsy4B,boygenius,1hLiboQ98IQWhpKeP9vRFw
Noah Kahan,2RQXRUsr4IW1f3mKyKsy4B,Kacey Musgraves,70kkdajctXSbqSMJbQO424
Noah Kahan,2RQXRUsr4IW1f3mKyKsy4B,The Backseat Lovers,6p2HnfM955TI1bX34dkLnI
Noah Kahan,2RQXRUsr4IW1f3mKyKsy4B,Rainbow Kitten Surprise,4hz8tIajF2INpgM0qzPJz2
Noah Kahan,2RQXRUsr4IW1f3mKyKsy4B,Reneé Rapp,2hUYKu1x0UZQXvzCmggvSn
Noah Kahan,2RQXRUsr4IW1f3mKyKsy4B,Gregory Alan Isakov,5sXaGoRLSpd7VeyZrLkKwt
Noah Kahan,2RQXRUsr4IW1f3mKyKsy4B,The 502s,4sIuoDOzSlBqeiNJl631zX
Noah Kahan,2RQXRUsr4IW1f3mKyKsy4B,Tyler Childers,13ZEDW6vyBF12HYcZRr4EV
Noah Kahan,2RQXRUsr4IW1f3mKyKsy4B,Wild Rivers,59sBwR0jPSTrbMtuTkRPN5
Noah Kahan,2RQXRUsr4IW1f3mKyKsy4B,Dylan Gossett,4H4M0Y4cN39zIVDHvdW53x
Noah Kahan,2RQXRUsr4IW1f3mKyKsy4B,David Kushner,33NVpKoXjItPwUJTMZIOiY
21 Savage,1URnnhqYAYcrqrcwql10ft,Metro Boomin,0iEtIxbK0KxaSlF7G42ZOp
21 Savage,1URnnhqYAYcrqrcwql10ft,Gunna,2hlmm7s2ICUX0LVIhVFlZQ
21 Savage,1URnnhqYAYcrqrcwql10ft,Young Thug,50co4Is1HCEo8bhOyUWKpn
21 Savage,1URnnhqYAYcrqrcwql10ft,Future,1RyvyyTE3xzB2ZywiAwp0i
21 Savage,1URnnhqYAYcrqrcwql10ft,Offset,4DdkRBBYG6Yk9Ka8tdJ9BW
21 Savage,1URnnhqYAYcrqrcwql10ft,Lil Yachty,6icQOAFXDZKsumw3YXyusw
21 Savage,1URnnhqYAYcrqrcwql10ft,Playboi Carti,699OTQXzgjhIYAHMy9RyPD
21 Savage,1URnnhqYAYcrqrcwql10ft,Quavo,0VRj0yCOv2FXJNP47XQnx5
21 Savage,1URnnhqYAYcrqrcwql10ft,Lil Uzi Vert,4O15NlyKLIASxsJ0PrXPfz
21 Savage,1URnnhqYAYcrqrcwql10ft,Kodak Black,46SHBwWsqBkxI7EeeBEQG7
21 Savage,1URnnhqYAYcrqrcwql10ft,Don Toliver,4Gso3d4CscCijv0lmajZWs
21 Savage,1URnnhqYAYcrqrcwql10ft,Lil Baby,5f7VJjfbwm532GiveGC0ZK
21 Savage,1URnnhqYAYcrqrcwql10ft,Migos,6oMuImdp5ZcFhWP0ESe6mG
21 Savage,1URnnhqYAYcrqrcwql10ft,Baby Keem,5SXuuuRpukkTvsLuUknva1
21 Savage,1URnnhqYAYcrqrcwql10ft,Trippie Redd,6Xgp2XMz1fhVYe7i6yNAax
21 Savage,1URnnhqYAYcrqrcwql10ft,Travis Scott,0Y5tJX1MQlPlqiwlOH1tJY
21 Savage,1URnnhqYAYcrqrcwql10ft,Lil Tecca,4Ga1P7PMIsmqEZqhYZQgDo
21 Savage,1URnnhqYAYcrqrcwql10ft,Chief Keef,15iVAtD3s3FsQR4w1v6M0P
21 Savage,1URnnhqYAYcrqrcwql10ft,Lil Durk,3hcs9uc56yIGFCSy9leWe7
21 Savage,1URnnhqYAYcrqrcwql10ft,A$AP Rocky,13ubrt8QOOCPljQ2FL1Kca
Sabrina Carpenter,74KM79TiuVKeVCqs8QtB0B,Dove Cameron,2W8yFh0Ga6Yf3jiayVxwkE
Sabrina Carpenter,74KM79TiuVKeVCqs8QtB0B,Sofia Carson,7bp2lSdh12wcA8LyB1srfJ
Sabrina Carpenter,74KM79TiuVKeVCqs8QtB0B,Zendaya,6sCbFbEjbYepqswM1vWjjs
Sabrina Carpenter,74KM79TiuVKeVCqs8QtB0B,Gracie Abrams,4tuJ0bMpJh08umKkEXKUI5
Sabrina Carpenter,74KM79TiuVKeVCqs8QtB0B,Madison Beer,2kRfqPViCqYdSGhYSM9R0Q
Sabrina Carpenter,74KM79TiuVKeVCqs8QtB0B,Tate McRae,45dkTj5sMRSjrmBSBeiHym
Sabrina Carpenter,74KM79TiuVKeVCqs8QtB0B,Reneé Rapp,2hUYKu1x0UZQXvzCmggvSn
Sabrina Carpenter,74KM79TiuVKeVCqs8QtB0B,Conan Gray,4Uc8Dsxct0oMqx0P6i60ea
Sabrina Carpenter,74KM79TiuVKeVCqs8QtB0B,Laura Marano,21mgsWjJ4TmBxsUKexjJPT
Sabrina Carpenter,74KM79TiuVKeVCqs8QtB0B,Joshua Bassett,4VdV2qRAYBLINR6uU72V1J
Sabrina Carpenter,74KM79TiuVKeVCqs8QtB0B,Hailee Steinfeld,5p7f24Rk5HkUZsaS3BLG5F
Sabrina Carpenter,74KM79TiuVKeVCqs8QtB0B,Olivia Rodrigo,1McMsnEElThX1knmY4oliG
Sabrina Carpenter,74KM79TiuVKeVCqs8QtB0B,Ross Lynch,4UxLFBvSr4xMDpHe1lrLrH
Sabrina Carpenter,74KM79TiuVKeVCqs8QtB0B,Bebe Rexha,64M6ah0SkkRsnPGtGiRAbb
Sabrina Carpenter,74KM79TiuVKeVCqs8QtB0B,Little Mix,3e7awlrlDSwF3iM0WBjGMp
Sabrina Carpenter,74KM79TiuVKeVCqs8QtB0B,Olivia Holt,188VINPQh5dyNfLUkevKqf
Sabrina Carpenter,74KM79TiuVKeVCqs8QtB0B,Bella Thorne,58AqJv0sDFPFnnBcLT8eeX
Sabrina Carpenter,74KM79TiuVKeVCqs8QtB0B,Nessa Barrett,7pwufEBGfggjoI8twqlsmQ
Sabrina Carpenter,74KM79TiuVKeVCqs8QtB0B,Meghan Trainor,6JL8zeS1NmiOftqZTRgdTz
Sabrina Carpenter,74KM79TiuVKeVCqs8QtB0B,5 Seconds of Summer,5Rl15oVamLq7FbSb0NNBNy
Madison Beer,2kRfqPViCqYdSGhYSM9R0Q,Olivia O'Brien,1QRj3hoop9Mv5VvHQkwPEp
Madison Beer,2kRfqPViCqYdSGhYSM9R0Q,Nessa Barrett,7pwufEBGfggjoI8twqlsmQ
Madison Beer,2kRfqPViCqYdSGhYSM9R0Q,Maggie Lindemann,0uGk2czvcpWQA383Im6ajf
Madison Beer,2kRfqPViCqYdSGhYSM9R0Q,Sabrina Carpenter,74KM79TiuVKeVCqs8QtB0B
Madison Beer,2kRfqPViCqYdSGhYSM9R0Q,Tate McRae,45dkTj5sMRSjrmBSBeiHym
Madison Beer,2kRfqPViCqYdSGhYSM9R0Q,Bea Miller,1o2NpYGqHiCq7FoiYdyd1x
Madison Beer,2kRfqPViCqYdSGhYSM9R0Q,Dove Cameron,2W8yFh0Ga6Yf3jiayVxwkE
Madison Beer,2kRfqPViCqYdSGhYSM9R0Q,Julia Michaels,0ZED1XzwlLHW4ZaG4lOT6m
Madison Beer,2kRfqPViCqYdSGhYSM9R0Q,Hailee Steinfeld,5p7f24Rk5HkUZsaS3BLG5F
Madison Beer,2kRfqPViCqYdSGhYSM9R0Q,Zara Larsson,1Xylc3o4UrD53lo9CvFvVg
Madison Beer,2kRfqPViCqYdSGhYSM9R0Q,Bebe Rexha,64M6ah0SkkRsnPGtGiRAbb
Madison Beer,2kRfqPViCqYdSGhYSM9R0Q,Charlotte Lawrence,7LImGq5KnzQobZciDJpeJb
Madison Beer,2kRfqPViCqYdSGhYSM9R0Q,Zendaya,6sCbFbEjbYepqswM1vWjjs
Madison Beer,2kRfqPViCqYdSGhYSM9R0Q,Conan Gray,4Uc8Dsxct0oMqx0P6i60ea
Madison Beer,2kRfqPViCqYdSGhYSM9R0Q,Astrid S,3AVfmawzu83sp94QW7CEGm
Madison Beer,2kRfqPViCqYdSGhYSM9R0Q,Gracie Abrams,4tuJ0bMpJh08umKkEXKUI5
Madison Beer,2kRfqPViCqYdSGhYSM9R0Q,Alessia Cara,2wUjUUtkb5lvLKcGKsKqsR
Madison Beer,2kRfqPViCqYdSGhYSM9R0Q,Anne-Marie,1zNqDE7qDGCsyzJwohVaoX
Madison Beer,2kRfqPViCqYdSGhYSM9R0Q,Little Mix,3e7awlrlDSwF3iM0WBjGMp
Madison Beer,2kRfqPViCqYdSGhYSM9R0Q,Bazzi,4GvEc3ANtPPjt1ZJllr5Zl
Taylor Swift,06HL4z0CvFAxyc27GXpf02,Selena Gomez,0C8ZW7ezQVs4URX5aX7Kqx
Taylor Swift,06HL4z0CvFAxyc27GXpf02,Olivia Rodrigo,1McMsnEElThX1knmY4oliG
Taylor Swift,06HL4z0CvFAxyc27GXpf02,Katy Perry,6jJ0s89eD6GaHleKKya26X
Taylor Swift,06HL4z0CvFAxyc27GXpf02,Ariana Grande,66CXWjxzNUsdJxJ2JdwvnR
Taylor Swift,06HL4z0CvFAxyc27GXpf02,Harry Styles,6KImCVD70vtIoJWnq6nGn3
Taylor Swift,06HL4z0CvFAxyc27GXpf02,Camila Cabello,4nDoRrQiYLoBzwC5BhVJzF
Taylor Swift,06HL4z0CvFAxyc27GXpf02,Demi Lovato,6S2OmqARrzebs0tKUEyXyp
Taylor Swift,06HL4z0CvFAxyc27GXpf02,One Direction,4AK6F7OLvEQ5QYCBNiQWHq
Taylor Swift,06HL4z0CvFAxyc27GXpf02,Meghan Trainor,6JL8zeS1NmiOftqZTRgdTz
Taylor Swift,06HL4z0CvFAxyc27GXpf02,Shawn Mendes,7n2wHs1TKAczGzO7Dd2rGr
Taylor Swift,06HL4z0CvFAxyc27GXpf02,Miley Cyrus,5YGY8feqx7naU7z4HrwZM6
Taylor Swift,06HL4z0CvFAxyc27GXpf02,Sabrina Carpenter,74KM79TiuVKeVCqs8QtB0B
Taylor Swift,06HL4z0CvFAxyc27GXpf02,Dua Lipa,6M2wZ9GZgrQXHCFfjv46we
Taylor Swift,06HL4z0CvFAxyc27GXpf02,Justin Bieber,1uNFoZAHBGtllmzznpCI3s
Taylor Swift,06HL4z0CvFAxyc27GXpf02,Lana Del Rey,00FQb4jTyendYWaN8pK0wa
Taylor Swift,06HL4z0CvFAxyc27GXpf02,Halsey,26VFTg2z8YR0cCuwLzESi2
Taylor Swift,06HL4z0CvFAxyc27GXpf02,Billie Eilish,6qqNVTkY8uBg9cP3Jd7DAH
Taylor Swift,06HL4z0CvFAxyc27GXpf02,Conan Gray,4Uc8Dsxct0oMqx0P6i60ea
Taylor Swift,06HL4z0CvFAxyc27GXpf02,Charlie Puth,6VuMaDnrHyPL1p4EHjYLi7
Taylor Swift,06HL4z0CvFAxyc27GXpf02,ZAYN,5ZsFI1h6hIdQRw2ti0hz81
Teddy Swims,33qOK5uJ8AR2xuQQAhHump,Nicotine Dolls,72gC2IIj21UAPKneFwl4NM
Teddy Swims,33qOK5uJ8AR2xuQQAhHump,The Teskey Brothers,2nTjd2lNo1GVEfXM3bCnsh
Teddy Swims,33qOK5uJ8AR2xuQQAhHump,Victor Ray,3vABvmPywI2fV90bnpkpsJ
Teddy Swims,33qOK5uJ8AR2xuQQAhHump,Allen Stone,536osqBGKzeozje8BfcGsa
Teddy Swims,33qOK5uJ8AR2xuQQAhHump,Steven Rodriguez,2a84LFOuPFQX3qGB26eu9O
Teddy Swims,33qOK5uJ8AR2xuQQAhHump,Benson Boone,22wbnEMDvgVIAGdFeek6ET
Teddy Swims,33qOK5uJ8AR2xuQQAhHump,Marc Broussard,4cEwEednPwWCdYT7ZhROZe
Teddy Swims,33qOK5uJ8AR2xuQQAhHump,Jac Ross,172Nbc7kz4JhcCor54l9Sr
Teddy Swims,33qOK5uJ8AR2xuQQAhHump,Chris Stapleton,4YLtscXsxbVgi031ovDDdh
Teddy Swims,33qOK5uJ8AR2xuQQAhHump,Dermot Kennedy,5KNNVgR6LBIABRIomyCwKJ
Teddy Swims,33qOK5uJ8AR2xuQQAhHump,Rag'n'Bone Man,4f9iBmdUOhQWeP7dcAn1pf
Teddy Swims,33qOK5uJ8AR2xuQQAhHump,Leon Bridges,3qnGvpP8Yth1AqSBMqON5x
Teddy Swims,33qOK5uJ8AR2xuQQAhHump,Jelly Roll,19k8AgwwTSxeaxkOuCQEJs
Teddy Swims,33qOK5uJ8AR2xuQQAhHump,Jacob Banks,0AepkoQhYvkjEzzwIcGxdV
Teddy Swims,33qOK5uJ8AR2xuQQAhHump,anees,2HPqVfdPh9JkBSlFG5hK6h
Teddy Swims,33qOK5uJ8AR2xuQQAhHump,Dave Fenley,6qGu24WJrspRNLeieoWQai
Teddy Swims,33qOK5uJ8AR2xuQQAhHump,Cian Ducrot,49jTY62Cpw3RYo4dLuG43W
Teddy Swims,33qOK5uJ8AR2xuQQAhHump,Sam Ryder,1rvnJJghrxl1xakJZct08m
Teddy Swims,33qOK5uJ8AR2xuQQAhHump,Jessie Murph,2yLzlEFtIS0Q9UkyBZdQA7
Teddy Swims,33qOK5uJ8AR2xuQQAhHump,KALEO,7jdFEYD2LTYjfwxOdlVjmc
The Weeknd,1Xyo4u8uXC1ZmMpatF05PJ,SZA,7tYKF4w9nC0nq9CsPZTHyP
The Weeknd,1Xyo4u8uXC1ZmMpatF05PJ,The Neighbourhood,77SW9BnxLY8rJ0RciFqkHh
The Weeknd,1Xyo4u8uXC1ZmMpatF05PJ,Lana Del Rey,00FQb4jTyendYWaN8pK0wa
The Weeknd,1Xyo4u8uXC1ZmMpatF05PJ,Drake,3TVXtAsR1Inumwj472S9r4
The Weeknd,1Xyo4u8uXC1ZmMpatF05PJ,Doja Cat,5cj0lLjcoR7YOSnhnX0Po5
The Weeknd,1Xyo4u8uXC1ZmMpatF05PJ,Kendrick Lamar,2YZyLoL8N0Wb9xBt1NhZWg
The Weeknd,1Xyo4u8uXC1ZmMpatF05PJ,Chase Atlantic,7cYEt1pqMgXJdq00hAwVpT
The Weeknd,1Xyo4u8uXC1ZmMpatF05PJ,Post Malone,246dkjvS1zLTtiykXe5h60
The Weeknd,1Xyo4u8uXC1ZmMpatF05PJ,Travis Scott,0Y5tJX1MQlPlqiwlOH1tJY
The Weeknd,1Xyo4u8uXC1ZmMpatF05PJ,Frank Ocean,2h93pZq0e7k5yf4dywlkpM
The Weeknd,1Xyo4u8uXC1ZmMpatF05PJ,Childish Gambino,73sIBHcqh3Z3NyqHKZ7FOL
The Weeknd,1Xyo4u8uXC1ZmMpatF05PJ,Kanye West,5K4W6rqBFWDnAN6FQUkS6x
The Weeknd,1Xyo4u8uXC1ZmMpatF05PJ,Arctic Monkeys,7Ln80lUS6He07XvHI8qqHH
The Weeknd,1Xyo4u8uXC1ZmMpatF05PJ,A$AP Rocky,13ubrt8QOOCPljQ2FL1Kca
The Weeknd,1Xyo4u8uXC1ZmMpatF05PJ,Rihanna,5pKCCKE2ajJHZ9KAiaK11H
The Weeknd,1Xyo4u8uXC1ZmMpatF05PJ,Harry Styles,6KImCVD70vtIoJWnq6nGn3
The Weeknd,1Xyo4u8uXC1ZmMpatF05PJ,"Tyler, The Creator",4V8LLVI7PbaPR0K2TGSxFF
The Weeknd,1Xyo4u8uXC1ZmMpatF05PJ,Metro Boomin,0iEtIxbK0KxaSlF7G42ZOp
The Weeknd,1Xyo4u8uXC1ZmMpatF05PJ,Ariana Grande,66CXWjxzNUsdJxJ2JdwvnR
The Weeknd,1Xyo4u8uXC1ZmMpatF05PJ,Cigarettes After Sex,1QAJqy2dA3ihHBFIHRphZj
Travis Scott,0Y5tJX1MQlPlqiwlOH1tJY,Metro Boomin,0iEtIxbK0KxaSlF7G42ZOp
Travis Scott,0Y5tJX1MQlPlqiwlOH1tJY,21 Savage,1URnnhqYAYcrqrcwql10ft
Travis Scott,0Y5tJX1MQlPlqiwlOH1tJY,Playboi Carti,699OTQXzgjhIYAHMy9RyPD
Travis Scott,0Y5tJX1MQlPlqiwlOH1tJY,Future,1RyvyyTE3xzB2ZywiAwp0i
Travis Scott,0Y5tJX1MQlPlqiwlOH1tJY,Don Toliver,4Gso3d4CscCijv0lmajZWs
Travis Scott,0Y5tJX1MQlPlqiwlOH1tJY,Lil Uzi Vert,4O15NlyKLIASxsJ0PrXPfz
Travis Scott,0Y5tJX1MQlPlqiwlOH1tJY,A$AP Rocky,13ubrt8QOOCPljQ2FL1Kca
Travis Scott,0Y5tJX1MQlPlqiwlOH1tJY,Young Thug,50co4Is1HCEo8bhOyUWKpn
Travis Scott,0Y5tJX1MQlPlqiwlOH1tJY,Gunna,2hlmm7s2ICUX0LVIhVFlZQ
Travis Scott,0Y5tJX1MQlPlqiwlOH1tJY,Offset,4DdkRBBYG6Yk9Ka8tdJ9BW
Travis Scott,0Y5tJX1MQlPlqiwlOH1tJY,Lil Yachty,6icQOAFXDZKsumw3YXyusw
Travis Scott,0Y5tJX1MQlPlqiwlOH1tJY,Baby Keem,5SXuuuRpukkTvsLuUknva1
Travis Scott,0Y5tJX1MQlPlqiwlOH1tJY,Kanye West,5K4W6rqBFWDnAN6FQUkS6x
Travis Scott,0Y5tJX1MQlPlqiwlOH1tJY,Lil Tecca,4Ga1P7PMIsmqEZqhYZQgDo
Travis Scott,0Y5tJX1MQlPlqiwlOH1tJY,Yeat,3qiHUAX7zY4Qnjx8TNUzVx
Travis Scott,0Y5tJX1MQlPlqiwlOH1tJY,Trippie Redd,6Xgp2XMz1fhVYe7i6yNAax
Travis Scott,0Y5tJX1MQlPlqiwlOH1tJY,Kendrick Lamar,2YZyLoL8N0Wb9xBt1NhZWg
Travis Scott,0Y5tJX1MQlPlqiwlOH1tJY,Migos,6oMuImdp5ZcFhWP0ESe6mG
Travis Scott,0Y5tJX1MQlPlqiwlOH1tJY,Lil Baby,5f7VJjfbwm532GiveGC0ZK
Travis Scott,0Y5tJX1MQlPlqiwlOH1tJY,Pop Smoke,0eDvMgVFoNV3TpwtrVCoTj
Tyla,3SozjO3Lat463tQICI9LcE,Chlöe,1FtBEIWAwvw5ymBen5GICR
Tyla,3SozjO3Lat463tQICI9LcE,Halle,3HsVtnnjOUToyJThxaoBfx
Tyla,3SozjO3Lat463tQICI9LcE,Victoria Monét,63XBtGSEZINSyXylZxEUbv
Tyla,3SozjO3Lat463tQICI9LcE,FLO,0s4kXsjYeH0S1xRyVGN4NO
Tyla,3SozjO3Lat463tQICI9LcE,Coco Jones,4DHLoiIqFYYFjH09WduvFd
Tyla,3SozjO3Lat463tQICI9LcE,Amaarae,21UPYSRWFKwtqvSAnFnSvS
Tyla,3SozjO3Lat463tQICI9LcE,Muni Long,7tjVFCxJdwT4NdrTmjyjQ6
Tyla,3SozjO3Lat463tQICI9LcE,Tems,687cZJR45JO7jhk1LHIbgq
Tyla,3SozjO3Lat463tQICI9LcE,Doechii,4E2rKHVDssGJm2SCDOMMJB
Tyla,3SozjO3Lat463tQICI9LcE,Libianca,7kjSuFGKhLm8b5qXoMhRkJ
Tyla,3SozjO3Lat463tQICI9LcE,Ayra Starr,3ZpEKRjHaHANcpk10u6Ntq
Tyla,3SozjO3Lat463tQICI9LcE,Kaliii,1YRqgFNXqRyMDRr8ClS1NL
Tyla,3SozjO3Lat463tQICI9LcE,Coi Leray,6AMd49uBDJfhf30Ak2QR5s
Tyla,3SozjO3Lat463tQICI9LcE,Ice Spice,3LZZPxNDGDFVSIPqf4JuEf
Tyla,3SozjO3Lat463tQICI9LcE,Flo Milli,08PvCOlef4xdOr20jFSTPd
Tyla,3SozjO3Lat463tQICI9LcE,Chloe x Halle,0AsThoR4KZSVktALiNcQwW
Tyla,3SozjO3Lat463tQICI9LcE,Latto,3MdXrJWsbVzdn6fe5JYkSQ
Tyla,3SozjO3Lat463tQICI9LcE,RAYE,5KKpBU5eC2tJDzf0wmlRp2
Tyla,3SozjO3Lat463tQICI9LcE,Rema,46pWGuE3dSwY3bMMXGBvVS
Tyla,3SozjO3Lat463tQICI9LcE,Summer Walker,57LYzLEk2LcFghVwuWbcuS
Mark Ambor,11p2E654TTU8e0nZWBR4AL,Zach Seabaugh,3bmlmoASHg6ycjrKV05CP2
Mark Ambor,11p2E654TTU8e0nZWBR4AL,Jonah Kagen,5KsRA81UaMVKvLNiwDySfp
Mark Ambor,11p2E654TTU8e0nZWBR4AL,Will Linley,3xnCBQeZDec3FFo8vUSt4N
Mark Ambor,11p2E654TTU8e0nZWBR4AL,Matt Hansen,6wlhqnATSJIc0NQ64VxOVJ
Mark Ambor,11p2E654TTU8e0nZWBR4AL,Thomas Day,5TwUXL3I6RaLckHy8le2Hq
Mark Ambor,11p2E654TTU8e0nZWBR4AL,Caleb Hearn,0EiNdCUwM4B5GkTInLAyuj
Mark Ambor,11p2E654TTU8e0nZWBR4AL,gavn!,2pQzh5cuuqpDErGZNaOULd
Mark Ambor,11p2E654TTU8e0nZWBR4AL,elijah woods,3IR6DvP0x2a6oUSist9UMu
Mark Ambor,11p2E654TTU8e0nZWBR4AL,Sam MacPherson,4AMBKLK4ZalL6gm7uvvdZh
Mark Ambor,11p2E654TTU8e0nZWBR4AL,Zach Hood,5aHlyw2WWqZW0HLICBuv7U
Mark Ambor,11p2E654TTU8e0nZWBR4AL,Alex Warren,0fTSzq9jAh4c36UVb4V7CB
Mark Ambor,11p2E654TTU8e0nZWBR4AL,New Rules,75ois9nn8xMuOgVk2oCN1C
Mark Ambor,11p2E654TTU8e0nZWBR4AL,Darren Kiely,15Cdd3Wai5nQZATxnbEtK9
Mark Ambor,11p2E654TTU8e0nZWBR4AL,Benson Boone,22wbnEMDvgVIAGdFeek6ET
Mark Ambor,11p2E654TTU8e0nZWBR4AL,Myles Smith,3bO19AOone0ubCsfDXDtYt
Mark Ambor,11p2E654TTU8e0nZWBR4AL,Clinton Kane,7okSU80WTrn4LXlyXYbX3P
Mark Ambor,11p2E654TTU8e0nZWBR4AL,Jenna Raine,3aHe9rMa5HFTjXHw8tEz0A
Mark Ambor,11p2E654TTU8e0nZWBR4AL,Abe Parker,5V61WloeXM3XLslOqJ8RES
Mark Ambor,11p2E654TTU8e0nZWBR4AL,asiris,4YFxglwXwymzvkPYndX3G2
Mark Ambor,11p2E654TTU8e0nZWBR4AL,Henrik,7osFcSwjlRPwxZdVALIOuC
Jung Kook,6HaGTQPmzraVmaVxvz6EUc,Jimin,1oSPZhvZMIrWW5I41kPkkY
Jung Kook,6HaGTQPmzraVmaVxvz6EUc,SUGA,0ebNdVaOfp6N0oZ1guIxM8
Jung Kook,6HaGTQPmzraVmaVxvz6EUc,Agust D,5RmQ8k4l3HZ8JoPb4mNsML
Jung Kook,6HaGTQPmzraVmaVxvz6EUc,V,3JsHnjpbhX4SnySpvpa9DK
Jung Kook,6HaGTQPmzraVmaVxvz6EUc,RM,2auC28zjQyVTsiZKNgPRGs
Jung Kook,6HaGTQPmzraVmaVxvz6EUc,j-hope,0b1sIQumIAsNbqAoIClSpy
Jung Kook,6HaGTQPmzraVmaVxvz6EUc,TOMORROW X TOGETHER,0ghlgldX5Dd6720Q3qFyQB
Jung Kook,6HaGTQPmzraVmaVxvz6EUc,BTS,3Nrfpe0tUJi4K4DXYWgMUX
Jung Kook,6HaGTQPmzraVmaVxvz6EUc,BTS Island: In the SEOM,3E0zmIZJN85yOovfGHoH8k
Jung Kook,6HaGTQPmzraVmaVxvz6EUc,ENHYPEN,5t5FqBwTcgKTaWmfEbwQY9
Jung Kook,6HaGTQPmzraVmaVxvz6EUc,Stray Kids,2dIgFjalVxs4ThymZ67YCE
Jung Kook,6HaGTQPmzraVmaVxvz6EUc,HWASA,7bmYpVgQub656uNTu6qGNQ
Jung Kook,6HaGTQPmzraVmaVxvz6EUc,Jackson Wang,1kfWoWgCugPkyxQP8lkRlY
Jung Kook,6HaGTQPmzraVmaVxvz6EUc,ATEEZ,68KmkJeZGfwe1OUaivBa2L
Jung Kook,6HaGTQPmzraVmaVxvz6EUc,JENNIE,250b0Wlc5Vk0CoUsaCY84M
Jung Kook,6HaGTQPmzraVmaVxvz6EUc,LE SSERAFIM,4SpbR6yFEvexJuaBpgAU5p
Jung Kook,6HaGTQPmzraVmaVxvz6EUc,LISA,5L1lO4eRHmJ7a0Q6csE5cT
Jung Kook,6HaGTQPmzraVmaVxvz6EUc,SEVENTEEN,7nqOGRxlXj7N2JYbgNEjYH
Jung Kook,6HaGTQPmzraVmaVxvz6EUc,The Rose,5na1LmEmK2VzNLje9snJYW
Jung Kook,6HaGTQPmzraVmaVxvz6EUc,Jessi,64k5e9kV9MdukXjFrR5R37
Kygo,23fqKkggKUBHNkbKtXEls4,Lost Frequencies,7f5Zgnp2spUuuzKplmRkt7
Kygo,23fqKkggKUBHNkbKtXEls4,Alesso,4AVFqumd2ogHFlRbKIjp1t
Kygo,23fqKkggKUBHNkbKtXEls4,Jonas Blue,1HBjj22wzbscIZ9sEb5dyf
Kygo,23fqKkggKUBHNkbKtXEls4,Galantis,4sTQVOfp9vEMCemLw50sbu
Kygo,23fqKkggKUBHNkbKtXEls4,Axwell /\ Ingrosso,2XnBwblw31dfGnspMIwgWz
Kygo,23fqKkggKUBHNkbKtXEls4,Robin Schulz,3t5xRXzsuZmMDkQzgOX35S
Kygo,23fqKkggKUBHNkbKtXEls4,Zedd,2qxJFvFYMEDqd7ui6kSAcq
Kygo,23fqKkggKUBHNkbKtXEls4,Cheat Codes,7DMveApC7UnC2NPfPvlHSU
Kygo,23fqKkggKUBHNkbKtXEls4,Sigala,1IueXOQyABrMOprrzwQJWN
Kygo,23fqKkggKUBHNkbKtXEls4,Martin Garrix,60d24wfXkVzDSfLS6hyCjZ
Kygo,23fqKkggKUBHNkbKtXEls4,AFROJACK,4D75GcNG95ebPtNvoNVXhz
Kygo,23fqKkggKUBHNkbKtXEls4,Sam Feldt,20gsENnposVs2I4rQ5kvrf
Kygo,23fqKkggKUBHNkbKtXEls4,Gryffin,2ZRQcIgzPCVaT9XKhXZIzh
Kygo,23fqKkggKUBHNkbKtXEls4,R3HAB,6cEuCEZu7PAE9ZSzLLc2oQ
Kygo,23fqKkggKUBHNkbKtXEls4,Major Lazer,738wLrAtLtCtFOLvQBXOXp
Kygo,23fqKkggKUBHNkbKtXEls4,Nicky Romero,5ChF3i92IPZHduM7jN3dpg
Kygo,23fqKkggKUBHNkbKtXEls4,Hardwell,6BrvowZBreEkXzJQMpL174
Kygo,23fqKkggKUBHNkbKtXEls4,Calvin Harris,7CajNmpbOovFoOoasH2HaY
Kygo,23fqKkggKUBHNkbKtXEls4,Don Diablo,1l2ekx5skC4gJH8djERwh1
Kygo,23fqKkggKUBHNkbKtXEls4,Avicii,1vCWHaC5f2uS3yhpwWbIA6
Kenya Grace,7uMDnSZyUYNBPLhPMNuaM2,cassö,5wCmhq5J2hPwL2r0eKurxn
Kenya Grace,7uMDnSZyUYNBPLhPMNuaM2,Isabel LaRosa,5arKwJZEvT5uKq4o0JfqR4
Kenya Grace,7uMDnSZyUYNBPLhPMNuaM2,Artemas,0PCCGZ0wGLizHt2KZ7hhA2
Kenya Grace,7uMDnSZyUYNBPLhPMNuaM2,Ari Abdul,25jJ6vyXwTRa0e6XCcdR6U
Kenya Grace,7uMDnSZyUYNBPLhPMNuaM2,RAYE,5KKpBU5eC2tJDzf0wmlRp2
Kenya Grace,7uMDnSZyUYNBPLhPMNuaM2,Tyla,3SozjO3Lat463tQICI9LcE
Kenya Grace,7uMDnSZyUYNBPLhPMNuaM2,Elley Duhé,67MNhiAICFY6Pwc2YxCO0K
Kenya Grace,7uMDnSZyUYNBPLhPMNuaM2,Tate McRae,45dkTj5sMRSjrmBSBeiHym
Kenya Grace,7uMDnSZyUYNBPLhPMNuaM2,Mae Stephens,311uEW9rt5g2NmzjGEKS2E
Kenya Grace,7uMDnSZyUYNBPLhPMNuaM2,David Kushner,33NVpKoXjItPwUJTMZIOiY
Kenya Grace,7uMDnSZyUYNBPLhPMNuaM2,piri,4DpmPt7gfAAq7WEx0E1X8s
Kenya Grace,7uMDnSZyUYNBPLhPMNuaM2,Maiah Manser,2SjlJe4MbPmGLwdEBuMrBV
Kenya Grace,7uMDnSZyUYNBPLhPMNuaM2,PinkPantheress,78rUTD7y6Cy67W1RVzYs7t
Kenya Grace,7uMDnSZyUYNBPLhPMNuaM2,venbee,4UWWa5dKgTLAx8mv6Ju6X1
Kenya Grace,7uMDnSZyUYNBPLhPMNuaM2,Beach Weather,7I3bkknknQkIiatWiupQgD
Kenya Grace,7uMDnSZyUYNBPLhPMNuaM2,Emei,7E2aQQjErJocovYFjYLzWU
Kenya Grace,7uMDnSZyUYNBPLhPMNuaM2,ThxSoMch,4MvZhE1iuzttcoyepkpfdF
Kenya Grace,7uMDnSZyUYNBPLhPMNuaM2,Kim Petras,3Xt3RrJMFv5SZkCfUE8C1J
Kenya Grace,7uMDnSZyUYNBPLhPMNuaM2,d4vd,5y8tKLUfMvliMe8IKamR32
Kenya Grace,7uMDnSZyUYNBPLhPMNuaM2,Fred again..,4oLeXFyACqeem2VImYeBFe
KAROL G,790FomKkXshlbRYZFtlgla,NATTI NATASHA,1GDbiv3spRmZ1XdM1jQbT7
KAROL G,790FomKkXshlbRYZFtlgla,Becky G,4obzFoKoKRHIphyHzJ35G3
KAROL G,790FomKkXshlbRYZFtlgla,Manuel Turizo,0tmwSHipWxN12fsoLcFU3B
KAROL G,790FomKkXshlbRYZFtlgla,Greeicy,5dbaLmK5SHLLg8Z4CcTJpX
KAROL G,790FomKkXshlbRYZFtlgla,Rauw Alejandro,1mcTU81TzQhprhouKaTkpq
KAROL G,790FomKkXshlbRYZFtlgla,Camilo,28gNT5KBp7IjEOQoevXf9N
KAROL G,790FomKkXshlbRYZFtlgla,Sebastian Yatra,07YUOmWljBTXwIseAUd9TW
KAROL G,790FomKkXshlbRYZFtlgla,Maluma,1r4hJ1h58CWwUQe3MxPuau
KAROL G,790FomKkXshlbRYZFtlgla,Ozuna,1i8SpTcr7yvPOmcqrbnVXY
KAROL G,790FomKkXshlbRYZFtlgla,Feid,2LRoIwlKmHjgvigdNGBHNo
KAROL G,790FomKkXshlbRYZFtlgla,J Balvin,1vyhD5VmyZ7KMfW5gqLgo5
KAROL G,790FomKkXshlbRYZFtlgla,Daddy Yankee,4VMYDCV2IEDYJArk749S6m
KAROL G,790FomKkXshlbRYZFtlgla,Cazzu,6w3SkAHYPsQ1bxV7VDlG5y
KAROL G,790FomKkXshlbRYZFtlgla,Anuel AA,2R21vXR83lH98kGeO99Y66
KAROL G,790FomKkXshlbRYZFtlgla,Sech,77ziqFxp5gaInVrF2lj4ht
KAROL G,790FomKkXshlbRYZFtlgla,Piso 21,4bw2Am3p9ji3mYsXNXtQcd
KAROL G,790FomKkXshlbRYZFtlgla,Romeo Santos,5lwmRuXgjX8xIwlnauTZIP
KAROL G,790FomKkXshlbRYZFtlgla,Farruko,329e4yvIujISKGKz1BZZbO
KAROL G,790FomKkXshlbRYZFtlgla,Bad Bunny,4q3ewBCX7sLwd24euuV69X
KAROL G,790FomKkXshlbRYZFtlgla,Nicky Jam,1SupJlEpv7RS2tPNRaHViT
Jack Harlow,2LIk90788K0zvyj2JJVwkJ,Cordae,0huGjMyP507tBCARyzSkrv
Jack Harlow,2LIk90788K0zvyj2JJVwkJ,The Kid LAROI,2tIP7SsRs7vjIcLrU85W8J
Jack Harlow,2LIk90788K0zvyj2JJVwkJ,Internet Money,6MPCFvOQv5cIGfw3jODMF0
Jack Harlow,2LIk90788K0zvyj2JJVwkJ,24kGoldn,6fWVd57NKTalqvmjRd2t8Z
Jack Harlow,2LIk90788K0zvyj2JJVwkJ,iann dior,6ASri4ePR7RlsvIQgWPJpS
Jack Harlow,2LIk90788K0zvyj2JJVwkJ,DaBaby,4r63FhuTkUYltbVAg5TQnk
Jack Harlow,2LIk90788K0zvyj2JJVwkJ,Baby Keem,5SXuuuRpukkTvsLuUknva1
Jack Harlow,2LIk90788K0zvyj2JJVwkJ,Don Toliver,4Gso3d4CscCijv0lmajZWs
Jack Harlow,2LIk90788K0zvyj2JJVwkJ,JID,6U3ybJ9UHNKEdsH7ktGBZ7
Jack Harlow,2LIk90788K0zvyj2JJVwkJ,Joyner Lucas,6C1ohJrd5VydigQtaGy5Wa
Jack Harlow,2LIk90788K0zvyj2JJVwkJ,Roddy Ricch,757aE44tKEUQEqRuT6GnEB
Jack Harlow,2LIk90788K0zvyj2JJVwkJ,Dreamville,1iNqsUDUraNWrj00bqssQG
Jack Harlow,2LIk90788K0zvyj2JJVwkJ,Aminé,3Gm5F95VdRxW3mqCn8RPBJ
Jack Harlow,2LIk90788K0zvyj2JJVwkJ,Offset,4DdkRBBYG6Yk9Ka8tdJ9BW
Jack Harlow,2LIk90788K0zvyj2JJVwkJ,Gunna,2hlmm7s2ICUX0LVIhVFlZQ
Jack Harlow,2LIk90788K0zvyj2JJVwkJ,Tory Lanez,2jku7tDXc6XoB6MO2hFuqg
Jack Harlow,2LIk90788K0zvyj2JJVwkJ,Logic,4xRYI6VqpkE3UwrDrAZL8L
Jack Harlow,2LIk90788K0zvyj2JJVwkJ,Swae Lee,1zNqQNIdeOUZHb8zbZRFMX
Jack Harlow,2LIk90788K0zvyj2JJVwkJ,Ski Mask The Slump God,2rhFzFmezpnW82MNqEKVry
Jack Harlow,2LIk90788K0zvyj2JJVwkJ,Polo G,6AgTAQt8XS6jRWi4sX7w49
Imagine Dragons,53XhwfbYqKCa1cC15pYq2q,OneRepublic,5Pwc4xIPtQLFEnJriah9YJ
Imagine Dragons,53XhwfbYqKCa1cC15pYq2q,Twenty One Pilots,3YQKmKGau1PzlVlkL1iodx
Imagine Dragons,53XhwfbYqKCa1cC15pYq2q,Bastille,7EQ0qTo7fWT7DPxmxtSYEc
Imagine Dragons,53XhwfbYqKCa1cC15pYq2q,Maroon 5,04gDigrS5kc9YWfZHwBETP
Imagine Dragons,53XhwfbYqKCa1cC15pYq2q,The Chainsmokers,69GGBxA162lTqCwzJG5jLp
Imagine Dragons,53XhwfbYqKCa1cC15pYq2q,Panic! At The Disco,20JZFwl6HVl6yg8a4H3ZqK
Imagine Dragons,53XhwfbYqKCa1cC15pYq2q,Fall Out Boy,4UXqAaa6dQYAk18Lv7PEgX
Imagine Dragons,53XhwfbYqKCa1cC15pYq2q,Sia,5WUlDfRSoLAfcVSX1WnrxN
Imagine Dragons,53XhwfbYqKCa1cC15pYq2q,X Ambassadors,3NPpFNZtSTHheNBaWC82rB
Imagine Dragons,53XhwfbYqKCa1cC15pYq2q,Coldplay,4gzpq5DPGxSnKTe4SA8HAU
Imagine Dragons,53XhwfbYqKCa1cC15pYq2q,Avicii,1vCWHaC5f2uS3yhpwWbIA6
Imagine Dragons,53XhwfbYqKCa1cC15pYq2q,Marshmello,64KEffDW9EtZ1y2vBYgq8T
Imagine Dragons,53XhwfbYqKCa1cC15pYq2q,Shawn Mendes,7n2wHs1TKAczGzO7Dd2rGr
Imagine Dragons,53XhwfbYqKCa1cC15pYq2q,Linkin Park,6XyY86QOPPrYVGvF9ch6wz
Imagine Dragons,53XhwfbYqKCa1cC15pYq2q,Ed Sheeran,6eUKZXaKkcviH0Ku9w2n3V
Imagine Dragons,53XhwfbYqKCa1cC15pYq2q,The Script,3AQRLZ9PuTAozP28Skbq8V
Imagine Dragons,53XhwfbYqKCa1cC15pYq2q,Sam Smith,2wY79sveU1sp5g7SokKOiI
Imagine Dragons,53XhwfbYqKCa1cC15pYq2q,Halsey,26VFTg2z8YR0cCuwLzESi2
Imagine Dragons,53XhwfbYqKCa1cC15pYq2q,Dua Lipa,6M2wZ9GZgrQXHCFfjv46we
Imagine Dragons,53XhwfbYqKCa1cC15pYq2q,Calvin Harris,7CajNmpbOovFoOoasH2HaY
Hozier,2FXC3k01G6Gw61bmprjgqS,The Lumineers,16oZKvXb6WkQlVAjwo2Wbg
Hozier,2FXC3k01G6Gw61bmprjgqS,Vance Joy,10exVja0key0uqUkk6LJRT
Hozier,2FXC3k01G6Gw61bmprjgqS,Noah Kahan,2RQXRUsr4IW1f3mKyKsy4B
Hozier,2FXC3k01G6Gw61bmprjgqS,Phoebe Bridgers,1r1uxoy19fzMxunt3ONAkG
Hozier,2FXC3k01G6Gw61bmprjgqS,Lord Huron,6ltzsmQQbmdoHHbLZ4ZN25
Hozier,2FXC3k01G6Gw61bmprjgqS,James Bay,4EzkuveR9pLvDVFNx6foYD
Hozier,2FXC3k01G6Gw61bmprjgqS,Florence + The Machine,1moxjboGR7GNWYIMWsRjgG
Hozier,2FXC3k01G6Gw61bmprjgqS,Of Monsters and Men,4dwdTW1Lfiq0cM8nBAqIIz
Hozier,2FXC3k01G6Gw61bmprjgqS,Bon Iver,4LEiUm1SRbFMgfqnQTwUbQ
Hozier,2FXC3k01G6Gw61bmprjgqS,Lorde,163tK9Wjr9P9DmM0AVK7lm
Hozier,2FXC3k01G6Gw61bmprjgqS,boygenius,1hLiboQ98IQWhpKeP9vRFw
Hozier,2FXC3k01G6Gw61bmprjgqS,Rainbow Kitten Surprise,4hz8tIajF2INpgM0qzPJz2
Hozier,2FXC3k01G6Gw61bmprjgqS,Lizzy McAlpine,1GmsPCcpKgF9OhlNXjOsbS
Hozier,2FXC3k01G6Gw61bmprjgqS,Cage The Elephant,26T3LtbuGT1Fu9m0eRq5X3
Hozier,2FXC3k01G6Gw61bmprjgqS,Mumford & Sons,3gd8FJtBJtkRxdfbTu19U2
Hozier,2FXC3k01G6Gw61bmprjgqS,Gregory Alan Isakov,5sXaGoRLSpd7VeyZrLkKwt
Hozier,2FXC3k01G6Gw61bmprjgqS,George Ezra,2ysnwxxNtSgbb9t1m2Ur4j
Hozier,2FXC3k01G6Gw61bmprjgqS,Kodaline,4BxCuXFJrSWGi1KHcVqaU4
Hozier,2FXC3k01G6Gw61bmprjgqS,The Head And The Heart,0n94vC3S9c3mb2HyNAOcjg
Hozier,2FXC3k01G6Gw61bmprjgqS,Bastille,7EQ0qTo7fWT7DPxmxtSYEc
Good Neighbours,52N3KGrTWDRhdQJrgBTofE,Good Neighbour,3JZDSlctRF90ItjCyapKH4
Good Neighbours,52N3KGrTWDRhdQJrgBTofE,The Good Neighbors,5ovX4K5Y1w9RVt5oXSRJea
Good Neighbours,52N3KGrTWDRhdQJrgBTofE,Michael Marcagi,4j96cMcT8GRi11qbvo1cLQ
Good Neighbours,52N3KGrTWDRhdQJrgBTofE,Brenn!,74slMAMk8L6oMf6OhNyZ8Q
Good Neighbours,52N3KGrTWDRhdQJrgBTofE,Chance Peña,4lhUHpVOXmkEBGGHV71QCh
Good Neighbours,52N3KGrTWDRhdQJrgBTofE,Richy Mitch & The Coal Miners,4qU7IJSReZnsLy5907Mtau
Good Neighbours,52N3KGrTWDRhdQJrgBTofE,Henrik,7osFcSwjlRPwxZdVALIOuC
Good Neighbours,52N3KGrTWDRhdQJrgBTofE,Hazlett,1zO3MgzmcwZLLNUQqeU2XH
Good Neighbours,52N3KGrTWDRhdQJrgBTofE,Hans Williams,3SEkDN2vusR7CIyehzfJaj
Good Neighbours,52N3KGrTWDRhdQJrgBTofE,John Vincent III,1sgVcCMCarG7yWGmkP9wMb
Good Neighbours,52N3KGrTWDRhdQJrgBTofE,Krooked Kings,6PbMwLmbus5mZl93tX1lXE
Good Neighbours,52N3KGrTWDRhdQJrgBTofE,David Kushner,33NVpKoXjItPwUJTMZIOiY
Good Neighbours,52N3KGrTWDRhdQJrgBTofE,Shaya Zamora,4gmgH3IgZoetXRskbdI02q
Good Neighbours,52N3KGrTWDRhdQJrgBTofE,Benson Boone,22wbnEMDvgVIAGdFeek6ET
Good Neighbours,52N3KGrTWDRhdQJrgBTofE,Croixx_,65l9u2CQrOizdTuOI4hTFf
Good Neighbours,52N3KGrTWDRhdQJrgBTofE,Noah Richardson,360NtdnCpSL0T7eyEphdWW
Good Neighbours,52N3KGrTWDRhdQJrgBTofE,Yoke Lore,7FU0xCgmSYQEiBeevUqQ4S
Good Neighbours,52N3KGrTWDRhdQJrgBTofE,Myles Smith,3bO19AOone0ubCsfDXDtYt
Good Neighbours,52N3KGrTWDRhdQJrgBTofE,sombr,4G9NDjRyZFDlJKMRL8hx3S
Good Neighbours,52N3KGrTWDRhdQJrgBTofE,Artemas,0PCCGZ0wGLizHt2KZ7hhA2
FloyyMenor,7CvTknweLr9feJtRGrpDBy,ITHAN NY,0LshXUmIub6xKvOq4QmtNs
FloyyMenor,7CvTknweLr9feJtRGrpDBy,Giuliano Yankees,684u8s013RfmUxevD9PK3B
FloyyMenor,7CvTknweLr9feJtRGrpDBy,Drakomafia,20BNHnI2SfySwLwWCAu4ew
FloyyMenor,7CvTknweLr9feJtRGrpDBy,Young Piri,4TaMzYlwqHNvfJ8OJLlDzv
FloyyMenor,7CvTknweLr9feJtRGrpDBy,Il Nene De Oro,6WzyAaCTzd5YoVMwdin58T
FloyyMenor,7CvTknweLr9feJtRGrpDBy,Lleflight,5GpRyfJV04fcnHBDzfVb8V
FloyyMenor,7CvTknweLr9feJtRGrpDBy,¥ EleK-47 ¥,1dR3aEUbT5raoyLcOl7Oo1
FloyyMenor,7CvTknweLr9feJtRGrpDBy,Piero 47,4xZrvfK8khgRIXk63gSFeB
FloyyMenor,7CvTknweLr9feJtRGrpDBy,Tunechikidd,0QpMp8Y7jFzwCt8OZjKQdd
FloyyMenor,7CvTknweLr9feJtRGrpDBy,El BAI,2vnaEm73LHWfchNiQccNBa
FloyyMenor,7CvTknweLr9feJtRGrpDBy,King Savagge,7DXregrznS25AM30UY9sUU
FloyyMenor,7CvTknweLr9feJtRGrpDBy,BenGstar,1wVJFmSm8OwomtQZZCLKjh
FloyyMenor,7CvTknweLr9feJtRGrpDBy,Aqua VS,0bcZsLQV8MCeU0ylWbw23p
FloyyMenor,7CvTknweLr9feJtRGrpDBy,Z Jocker,6IaOUkLKnYH0q8Vm2AdhQ5
FloyyMenor,7CvTknweLr9feJtRGrpDBy,JulianoChieff,1GiKprzvYnLD4hBNxaA50l
FloyyMenor,7CvTknweLr9feJtRGrpDBy,Galee Galee,0x5lhIYknBUEozHuXjkwUs
FloyyMenor,7CvTknweLr9feJtRGrpDBy,Lamelodiadelhampa,0IcAUt0uzTyDfvKSpW0hrr
FloyyMenor,7CvTknweLr9feJtRGrpDBy,Tobal Mj,2BJWqrBKEqtZUKWtzmpPDj
FloyyMenor,7CvTknweLr9feJtRGrpDBy,Chiko Alfa,6fDFw5ZF2hKa52oH1enbks
FloyyMenor,7CvTknweLr9feJtRGrpDBy,Lucky Brown,11HepfI1lj6KJHj651rZhM
Flo Milli,08PvCOlef4xdOr20jFSTPd,Monaleo,2sflbTtCirog5VxD6jPAfb
Flo Milli,08PvCOlef4xdOr20jFSTPd,Rico Nasty,2OaHYHb2XcFPvqL3VsyPzU
Flo Milli,08PvCOlef4xdOr20jFSTPd,Baby Tate,3IJ21966TwNZI24MwZHMu4
Flo Milli,08PvCOlef4xdOr20jFSTPd,Kaliii,1YRqgFNXqRyMDRr8ClS1NL
Flo Milli,08PvCOlef4xdOr20jFSTPd,Sexyy Red,3DbwFQlvLxRSi2uX8mf81A
Flo Milli,08PvCOlef4xdOr20jFSTPd,GloRilla,2qoQgPAilErOKCwE2Y8wOG
Flo Milli,08PvCOlef4xdOr20jFSTPd,Doechii,4E2rKHVDssGJm2SCDOMMJB
Flo Milli,08PvCOlef4xdOr20jFSTPd,Saucy Santana,2NfwGBr2swqZ1rzE3kAV23
Flo Milli,08PvCOlef4xdOr20jFSTPd,City Girls,37hAfseJWi0G3Scife12Il
Flo Milli,08PvCOlef4xdOr20jFSTPd,Latto,3MdXrJWsbVzdn6fe5JYkSQ
Flo Milli,08PvCOlef4xdOr20jFSTPd,Lola Brooke,2Ggj5XNlIb4Lnbqe307FyB
Flo Milli,08PvCOlef4xdOr20jFSTPd,Saweetie,6cK3NBO6uP7hh0oyuVELFl
Flo Milli,08PvCOlef4xdOr20jFSTPd,Lay Bankz,4OVbrPbhvK46A1uXTU1u5F
Flo Milli,08PvCOlef4xdOr20jFSTPd,Rubi Rose,1DGAqC29aw0FpJCejAehVk
Flo Milli,08PvCOlef4xdOr20jFSTPd,ppcocaine,2u1aL8XADqj0nJFHMKRjNw
Flo Milli,08PvCOlef4xdOr20jFSTPd,Tay Money,6R6EfP43F8ZuMcilsE4zs7
Flo Milli,08PvCOlef4xdOr20jFSTPd,Bree Runway,58hqTaCiqGrMsNmmm3qL7w
Flo Milli,08PvCOlef4xdOr20jFSTPd,BIA,6veh5zbFpm31XsPdjBgPER
Flo Milli,08PvCOlef4xdOr20jFSTPd,JT,39af15p0feaAOdL9DTRj3m
Flo Milli,08PvCOlef4xdOr20jFSTPd,Megan Thee Stallion,181bsRPaVXVlUKXrxwZfHK
Drake,3TVXtAsR1Inumwj472S9r4,Future,1RyvyyTE3xzB2ZywiAwp0i
Drake,3TVXtAsR1Inumwj472S9r4,21 Savage,1URnnhqYAYcrqrcwql10ft
Drake,3TVXtAsR1Inumwj472S9r4,J. Cole,6l3HvQ5sa6mXTsMTB19rO5
Drake,3TVXtAsR1Inumwj472S9r4,Travis Scott,0Y5tJX1MQlPlqiwlOH1tJY
Drake,3TVXtAsR1Inumwj472S9r4,DJ Khaled,0QHgL1lAIqAw0HtD7YldmP
Drake,3TVXtAsR1Inumwj472S9r4,Metro Boomin,0iEtIxbK0KxaSlF7G42ZOp
Drake,3TVXtAsR1Inumwj472S9r4,Kanye West,5K4W6rqBFWDnAN6FQUkS6x
Drake,3TVXtAsR1Inumwj472S9r4,Kendrick Lamar,2YZyLoL8N0Wb9xBt1NhZWg
Drake,3TVXtAsR1Inumwj472S9r4,Lil Baby,5f7VJjfbwm532GiveGC0ZK
Drake,3TVXtAsR1Inumwj472S9r4,Big Sean,0c173mlxpT3dSFRgMO8XPh
Drake,3TVXtAsR1Inumwj472S9r4,Lil Uzi Vert,4O15NlyKLIASxsJ0PrXPfz
Drake,3TVXtAsR1Inumwj472S9r4,Young Thug,50co4Is1HCEo8bhOyUWKpn
Drake,3TVXtAsR1Inumwj472S9r4,A$AP Rocky,13ubrt8QOOCPljQ2FL1Kca
Drake,3TVXtAsR1Inumwj472S9r4,Gunna,2hlmm7s2ICUX0LVIhVFlZQ
Drake,3TVXtAsR1Inumwj472S9r4,Bryson Tiller,2EMAnMvWE2eb56ToJVfCWs
Drake,3TVXtAsR1Inumwj472S9r4,Brent Faiyaz,3tlXnStJ1fFhdScmQeLpuG
Drake,3TVXtAsR1Inumwj472S9r4,Tory Lanez,2jku7tDXc6XoB6MO2hFuqg
Drake,3TVXtAsR1Inumwj472S9r4,Playboi Carti,699OTQXzgjhIYAHMy9RyPD
Drake,3TVXtAsR1Inumwj472S9r4,PARTYNEXTDOOR,2HPaUgqeutzr3jx5a9WyDV
Drake,3TVXtAsR1Inumwj472S9r4,Migos,6oMuImdp5ZcFhWP0ESe6mG
Djo,5p9HO3XC5P3BLxJs5Mtrhm,Maya Hawke,4e9vQfyvvDlcQAkjSdFE4x
Djo,5p9HO3XC5P3BLxJs5Mtrhm,Calpurnia,5A2yiLLhc0NJaG8rn4mYp5
Djo,5p9HO3XC5P3BLxJs5Mtrhm,The Aubreys,7ijkc3O3uxDdAmSuQUg2f2
Djo,5p9HO3XC5P3BLxJs5Mtrhm,Her's,77mJc3M7ZT5oOVM7gNdXim
Djo,5p9HO3XC5P3BLxJs5Mtrhm,Wallows,0NIPkIjTV8mB795yEIiPYL
Djo,5p9HO3XC5P3BLxJs5Mtrhm,The Backseat Lovers,6p2HnfM955TI1bX34dkLnI
Djo,5p9HO3XC5P3BLxJs5Mtrhm,Suki Waterhouse,5GGJosGMs08YEmKTZJe1fL
Djo,5p9HO3XC5P3BLxJs5Mtrhm,Faye Webster,5szilpXHcwOqnyKLqGco5j
Djo,5p9HO3XC5P3BLxJs5Mtrhm,Peach Pit,6fC2AcsQtd9h4BWELbbire
Djo,5p9HO3XC5P3BLxJs5Mtrhm,Dayglow,6eJa3zG1QZLRB3xgRuyxbm
Djo,5p9HO3XC5P3BLxJs5Mtrhm,Phoebe Bridgers,1r1uxoy19fzMxunt3ONAkG
Djo,5p9HO3XC5P3BLxJs5Mtrhm,Declan McKenna,2D4FOOOtWycb3Aw9nY5n3c
Djo,5p9HO3XC5P3BLxJs5Mtrhm,Dominic Fike,6USv9qhCn6zfxlBQIYJ9qs
Djo,5p9HO3XC5P3BLxJs5Mtrhm,boygenius,1hLiboQ98IQWhpKeP9vRFw
Djo,5p9HO3XC5P3BLxJs5Mtrhm,Current Joys,0m5FakHKCQdA7UN0PIzMcL
Djo,5p9HO3XC5P3BLxJs5Mtrhm,Matt Maltese,12j6dJrPXanCBwY599pZxf
Djo,5p9HO3XC5P3BLxJs5Mtrhm,Michael Cera,4xXQxNcBCtsaz6Gw1IblE3
Djo,5p9HO3XC5P3BLxJs5Mtrhm,Men I Trust,3zmfs9cQwzJl575W1ZYXeT
Djo,5p9HO3XC5P3BLxJs5Mtrhm,Clairo,3l0CmX0FuQjFxr8SK7Vqag
Djo,5p9HO3XC5P3BLxJs5Mtrhm,beabadoobee,35l9BRT7MXmM8bv2WDQiyB
Dasha,7Ez6lTtSMjMf2YSYpukP1I,Lauren Weintraub,0eYsDVXAe2mc4F8QrBLHAq
Dasha,7Ez6lTtSMjMf2YSYpukP1I,Georgia Webster,0SBVbPO2gePQlaDiIfaKDl
Dasha,7Ez6lTtSMjMf2YSYpukP1I,Cassidi,3hHnYAexHQ3wYGYno6LArK
Dasha,7Ez6lTtSMjMf2YSYpukP1I,Andi,7fEXIS5LgSLbCdzTePqe0V
Dasha,7Ez6lTtSMjMf2YSYpukP1I,Ashley Kutcher,1Zi1c8sWZTy5rDiN3lAuEj
Dasha,7Ez6lTtSMjMf2YSYpukP1I,Cate,7D25zMq1tDmT0nfh6ieYph
Dasha,7Ez6lTtSMjMf2YSYpukP1I,NERIAH,1dUrqVHcv2FCXxlIqzIbiG
Dasha,7Ez6lTtSMjMf2YSYpukP1I,Erin Kinsey,5TtSGhhCPt56x4ZPfg7DFq
Dasha,7Ez6lTtSMjMf2YSYpukP1I,Annika Rose,3E6TQHXjqR21vX9H0c5mOv
Dasha,7Ez6lTtSMjMf2YSYpukP1I,HAVEN,6xd3ACm5Dgf2Znj8abDUrd
Dasha,7Ez6lTtSMjMf2YSYpukP1I,Brynn Cartelli,4NIPR04MgEH0K5uv8Gn7ek
Dasha,7Ez6lTtSMjMf2YSYpukP1I,Emily Brooke,4dfyNWkaqn6t6MEUOOgMDl
Dasha,7Ez6lTtSMjMf2YSYpukP1I,Avery Anna,5rjz63sgMaAUAyBMyCUK5D
Dasha,7Ez6lTtSMjMf2YSYpukP1I,Zoe Clark,1JLf53adsPkYiAQPir2Fn3
Dasha,7Ez6lTtSMjMf2YSYpukP1I,Jenna Raine,3aHe9rMa5HFTjXHw8tEz0A
Dasha,7Ez6lTtSMjMf2YSYpukP1I,Bailey Bryan,2YcTXkrGXpftY9AR0BKEz0
Dasha,7Ez6lTtSMjMf2YSYpukP1I,Taylor Bickett,3Fxg10eJ6YmvUdM2PPB4Zk
Dasha,7Ez6lTtSMjMf2YSYpukP1I,ROSIE,2bp65KnFOIsIosBoqPzvNL
Dasha,7Ez6lTtSMjMf2YSYpukP1I,Riley Roth,7DFV3Usu1Jrcyn45Kx31Bc
Dasha,7Ez6lTtSMjMf2YSYpukP1I,OSTON,4PR77KtW5drJXCsqcyfuzJ
Camila Cabello,4nDoRrQiYLoBzwC5BhVJzF,Fifth Harmony,1l8Fu6IkuTP0U5QetQJ5Xt
Camila Cabello,4nDoRrQiYLoBzwC5BhVJzF,Bebe Rexha,64M6ah0SkkRsnPGtGiRAbb
Camila Cabello,4nDoRrQiYLoBzwC5BhVJzF,Anne-Marie,1zNqDE7qDGCsyzJwohVaoX
Camila Cabello,4nDoRrQiYLoBzwC5BhVJzF,Demi Lovato,6S2OmqARrzebs0tKUEyXyp
Camila Cabello,4nDoRrQiYLoBzwC5BhVJzF,Selena Gomez,0C8ZW7ezQVs4URX5aX7Kqx
Camila Cabello,4nDoRrQiYLoBzwC5BhVJzF,Shawn Mendes,7n2wHs1TKAczGzO7Dd2rGr
Camila Cabello,4nDoRrQiYLoBzwC5BhVJzF,Zara Larsson,1Xylc3o4UrD53lo9CvFvVg
Camila Cabello,4nDoRrQiYLoBzwC5BhVJzF,Halsey,26VFTg2z8YR0cCuwLzESi2
Camila Cabello,4nDoRrQiYLoBzwC5BhVJzF,Nick Jonas,4Rxn7Im3LGfyRkY2FlHhWi
Camila Cabello,4nDoRrQiYLoBzwC5BhVJzF,Hailee Steinfeld,5p7f24Rk5HkUZsaS3BLG5F
Camila Cabello,4nDoRrQiYLoBzwC5BhVJzF,Alessia Cara,2wUjUUtkb5lvLKcGKsKqsR
Camila Cabello,4nDoRrQiYLoBzwC5BhVJzF,Meghan Trainor,6JL8zeS1NmiOftqZTRgdTz
Camila Cabello,4nDoRrQiYLoBzwC5BhVJzF,Little Mix,3e7awlrlDSwF3iM0WBjGMp
Camila Cabello,4nDoRrQiYLoBzwC5BhVJzF,ZAYN,5ZsFI1h6hIdQRw2ti0hz81
Camila Cabello,4nDoRrQiYLoBzwC5BhVJzF,Rita Ora,5CCwRZC6euC8Odo6y9X8jr
Camila Cabello,4nDoRrQiYLoBzwC5BhVJzF,Dua Lipa,6M2wZ9GZgrQXHCFfjv46we
Camila Cabello,4nDoRrQiYLoBzwC5BhVJzF,Selena Gomez & The Scene,6dJeKm76NjfXBNTpHmOhfO
Camila Cabello,4nDoRrQiYLoBzwC5BhVJzF,Charlie Puth,6VuMaDnrHyPL1p4EHjYLi7
Camila Cabello,4nDoRrQiYLoBzwC5BhVJzF,Jonas Brothers,7gOdHgIoIKoe4i9Tta6qdD
Camila Cabello,4nDoRrQiYLoBzwC5BhVJzF,Ariana Grande,66CXWjxzNUsdJxJ2JdwvnR
Bryson Tiller,2EMAnMvWE2eb56ToJVfCWs,PARTYNEXTDOOR,2HPaUgqeutzr3jx5a9WyDV
Bryson Tiller,2EMAnMvWE2eb56ToJVfCWs,Jacquees,4tMm1dU6Gn04VAZ9ClHcIZ
Bryson Tiller,2EMAnMvWE2eb56ToJVfCWs,Tory Lanez,2jku7tDXc6XoB6MO2hFuqg
Bryson Tiller,2EMAnMvWE2eb56ToJVfCWs,Summer Walker,57LYzLEk2LcFghVwuWbcuS
Bryson Tiller,2EMAnMvWE2eb56ToJVfCWs,Jhené Aiko,5ZS223C6JyBfXasXxrRqOk
Bryson Tiller,2EMAnMvWE2eb56ToJVfCWs,Brent Faiyaz,3tlXnStJ1fFhdScmQeLpuG
Bryson Tiller,2EMAnMvWE2eb56ToJVfCWs,6LACK,4IVAbR2w4JJNJDDRFP3E83
Bryson Tiller,2EMAnMvWE2eb56ToJVfCWs,Sonder,2ICR2m4hOBPhaYiZB3rnLW
Bryson Tiller,2EMAnMvWE2eb56ToJVfCWs,Jeremih,3KV3p5EY4AvKxOlhGHORLg
Bryson Tiller,2EMAnMvWE2eb56ToJVfCWs,Miguel,360IAlyVv4PCEVjgyMZrxK
Bryson Tiller,2EMAnMvWE2eb56ToJVfCWs,H.E.R.,3Y7RZ31TRPVadSFVy1o8os
Bryson Tiller,2EMAnMvWE2eb56ToJVfCWs,Ella Mai,7HkdQ0gt53LP4zmHsL0nap
Bryson Tiller,2EMAnMvWE2eb56ToJVfCWs,Kehlani,0cGUm45nv7Z6M6qdXYQGTX
Bryson Tiller,2EMAnMvWE2eb56ToJVfCWs,August Alsina,19Fi1Rj7kk8kyiwxpXy3yM
Bryson Tiller,2EMAnMvWE2eb56ToJVfCWs,PnB Rock,21WS9wngs9AqFckK7yYJPM
Bryson Tiller,2EMAnMvWE2eb56ToJVfCWs,Eric Bellinger,7ibAWtDtmEfaVhc1FJ3Vl9
Bryson Tiller,2EMAnMvWE2eb56ToJVfCWs,DeJ Loaf,7kFfY4UjNdNyaeUgLIEbIF
Bryson Tiller,2EMAnMvWE2eb56ToJVfCWs,Giveon,4fxd5Ee7UefO4CUXgwJ7IP
Bryson Tiller,2EMAnMvWE2eb56ToJVfCWs,Ty Dolla $ign,7c0XG5cIJTrrAgEC3ULPiq
Bryson Tiller,2EMAnMvWE2eb56ToJVfCWs,Roy Woods,7mDU6nMUJnOSY2Hkjz5oqM
Billie Eilish,6qqNVTkY8uBg9cP3Jd7DAH,Olivia Rodrigo,1McMsnEElThX1knmY4oliG
Billie Eilish,6qqNVTkY8uBg9cP3Jd7DAH,Doja Cat,5cj0lLjcoR7YOSnhnX0Po5
Billie Eilish,6qqNVTkY8uBg9cP3Jd7DAH,Melanie Martinez,63yrD80RY3RNEM2YDpUpO8
Billie Eilish,6qqNVTkY8uBg9cP3Jd7DAH,Ariana Grande,66CXWjxzNUsdJxJ2JdwvnR
Billie Eilish,6qqNVTkY8uBg9cP3Jd7DAH,Halsey,26VFTg2z8YR0cCuwLzESi2
Billie Eilish,6qqNVTkY8uBg9cP3Jd7DAH,Harry Styles,6KImCVD70vtIoJWnq6nGn3
Billie Eilish,6qqNVTkY8uBg9cP3Jd7DAH,Dua Lipa,6M2wZ9GZgrQXHCFfjv46we
Billie Eilish,6qqNVTkY8uBg9cP3Jd7DAH,Lana Del Rey,00FQb4jTyendYWaN8pK0wa
Billie Eilish,6qqNVTkY8uBg9cP3Jd7DAH,Conan Gray,4Uc8Dsxct0oMqx0P6i60ea
Billie Eilish,6qqNVTkY8uBg9cP3Jd7DAH,Selena Gomez,0C8ZW7ezQVs4URX5aX7Kqx
Billie Eilish,6qqNVTkY8uBg9cP3Jd7DAH,Camila Cabello,4nDoRrQiYLoBzwC5BhVJzF
Billie Eilish,6qqNVTkY8uBg9cP3Jd7DAH,The Neighbourhood,77SW9BnxLY8rJ0RciFqkHh
Billie Eilish,6qqNVTkY8uBg9cP3Jd7DAH,Shawn Mendes,7n2wHs1TKAczGzO7Dd2rGr
Billie Eilish,6qqNVTkY8uBg9cP3Jd7DAH,girl in red,3uwAm6vQy7kWPS2bciKWx9
Billie Eilish,6qqNVTkY8uBg9cP3Jd7DAH,Cardi B,4kYSro6naA4h99UJvo89HB
Billie Eilish,6qqNVTkY8uBg9cP3Jd7DAH,Sia,5WUlDfRSoLAfcVSX1WnrxN
Billie Eilish,6qqNVTkY8uBg9cP3Jd7DAH,Katy Perry,6jJ0s89eD6GaHleKKya26X
Billie Eilish,6qqNVTkY8uBg9cP3Jd7DAH,The Weeknd,1Xyo4u8uXC1ZmMpatF05PJ
Billie Eilish,6qqNVTkY8uBg9cP3Jd7DAH,Adele,4dpARuHxo51G3z768sgnrY
Billie Eilish,6qqNVTkY8uBg9cP3Jd7DAH,Miley Cyrus,5YGY8feqx7naU7z4HrwZM6
Zach Bryan,40ZNYROS4zLfyyBSs2PGe2,Tyler Childers,13ZEDW6vyBF12HYcZRr4EV
Zach Bryan,40ZNYROS4zLfyyBSs2PGe2,Sam Barber,08GfvCW09pv2QP4y9sle2a
Zach Bryan,40ZNYROS4zLfyyBSs2PGe2,Wyatt Flores,46lEQmDJLJeyltECJYJv1Y
Zach Bryan,40ZNYROS4zLfyyBSs2PGe2,Bailey Zimmerman,3win9vGIxFfBRag9S63wwf
Zach Bryan,40ZNYROS4zLfyyBSs2PGe2,Koe Wetzel,1Tie3AZgLQZqYEp8Fv4zOZ
Zach Bryan,40ZNYROS4zLfyyBSs2PGe2,Treaty Oak Revival,3444S3C4U9Ts86BnCtSPRV
Zach Bryan,40ZNYROS4zLfyyBSs2PGe2,Cody Johnson,6zLBxLdl60ekBLpawtT63I
Zach Bryan,40ZNYROS4zLfyyBSs2PGe2,Morgan Wallen,4oUHIQIBe0LHzYfvXNW4QM
Zach Bryan,40ZNYROS4zLfyyBSs2PGe2,Noah Kahan,2RQXRUsr4IW1f3mKyKsy4B
Zach Bryan,40ZNYROS4zLfyyBSs2PGe2,Flatland Cavalry,4SfGzWmeoNPKIOmiyc7Pav
Zach Bryan,40ZNYROS4zLfyyBSs2PGe2,Parker McCollum,0Z8XVUAOBPM4x12wKnFHEQ
Zach Bryan,40ZNYROS4zLfyyBSs2PGe2,Dylan Gossett,4H4M0Y4cN39zIVDHvdW53x
Zach Bryan,40ZNYROS4zLfyyBSs2PGe2,Riley Green,2QMsj4XJ7ne2hojxt6v5eb
Zach Bryan,40ZNYROS4zLfyyBSs2PGe2,Muscadine Bloodline,0EyZDKtc41e4A3a3v69MxD
Zach Bryan,40ZNYROS4zLfyyBSs2PGe2,Gavin Adcock,5jG6uRqinuI83luutMpW6y
Zach Bryan,40ZNYROS4zLfyyBSs2PGe2,Megan Moroney,5Ppie0uPnbnvGBYRwYmlt0
Zach Bryan,40ZNYROS4zLfyyBSs2PGe2,Josh Meloy,3EVsC9ZK7QMDuK4FPcZaEq
Zach Bryan,40ZNYROS4zLfyyBSs2PGe2,Colter Wall,3xYXYzm9H3RzyQgBrYwIcx
Zach Bryan,40ZNYROS4zLfyyBSs2PGe2,Luke Combs,718COspgdWOnwOFpJHRZHS
Zach Bryan,40ZNYROS4zLfyyBSs2PGe2,HARDY,5QNm7E7RU2m64l6Gliu8Oy
